"ORDER_4226","POSITION_CHECK_FAILED"
"ORDER_9917","POSITION_CHECK_FAILED"
"ORDER_5559","POSITION_CHECK_FAILED"
"ORDER_4225","POSITION_CHECK_FAILED"
"ORDER_7736","POSITION_CHECK_FAILED"
"ORDER_9915","POSITION_CHECK_FAILED"
"ORDER_9913","POSITION_CHECK_FAILED"
"ORDER_9910","MISMATCHED_CURRENCY"
"ORDER_4228","POSITION_CHECK_FAILED"
"ORDER_7735","MISMATCHED_CURRENCY"
"ORDER_9911","POSITION_CHECK_FAILED"
"ORDER_9918","POSITION_CHECK_FAILED"
"ORDER_5550","INVALID_LOT_SIZE"
"ORDER_6400","INVALID_LOT_SIZE"
"ORDER_3375","POSITION_CHECK_FAILED"
"ORDER_1197","POSITION_CHECK_FAILED"
"ORDER_10650","INVALID_LOT_SIZE"
"ORDER_1195","POSITION_CHECK_FAILED"
"ORDER_9905","POSITION_CHECK_FAILED"
"ORDER_4215","POSITION_CHECK_FAILED"
"ORDER_4698","POSITION_CHECK_FAILED"
"ORDER_5549","POSITION_CHECK_FAILED"
"ORDER_4697","POSITION_CHECK_FAILED"
"ORDER_4218","POSITION_CHECK_FAILED"
"ORDER_9900","INVALID_LOT_SIZE"
"ORDER_10669","POSITION_CHECK_FAILED"
"ORDER_3360","POSITION_CHECK_FAILED"
"ORDER_10665","MISMATCHED_CURRENCY"
"ORDER_4690","POSITION_CHECK_FAILED"
"ORDER_5542","POSITION_CHECK_FAILED"
"ORDER_10660","POSITION_CHECK_FAILED"
"ORDER_4210","MISMATCHED_CURRENCY"
"ORDER_1183","POSITION_CHECK_FAILED"
"ORDER_10662","POSITION_CHECK_FAILED"
"ORDER_10680","POSITION_CHECK_FAILED"
"ORDER_9937","POSITION_CHECK_FAILED"
"ORDER_4245","MISMATCHED_CURRENCY"
"ORDER_10681","POSITION_CHECK_FAILED"
"ORDER_5576","POSITION_CHECK_FAILED"
"ORDER_9935","POSITION_CHECK_FAILED"
"ORDER_5578","POSITION_CHECK_FAILED"
"ORDER_4249","POSITION_CHECK_FAILED"
"ORDER_9930","POSITION_CHECK_FAILED"
"ORDER_4240","POSITION_CHECK_FAILED"
"ORDER_10675","INVALID_LOT_SIZE"
"ORDER_3393","POSITION_CHECK_FAILED"
"ORDER_5573","POSITION_CHECK_FAILED"
"ORDER_7750","POSITION_CHECK_FAILED"
"ORDER_5575","INVALID_LOT_SIZE"
"ORDER_3390","POSITION_CHECK_FAILED"
"ORDER_4243","POSITION_CHECK_FAILED"
"ORDER_5570","POSITION_CHECK_FAILED"
"ORDER_4242","POSITION_CHECK_FAILED"
"ORDER_10673","POSITION_CHECK_FAILED"
"ORDER_5571","POSITION_CHECK_FAILED"
"ORDER_9928","POSITION_CHECK_FAILED"
"ORDER_9925","INVALID_LOT_SIZE"
"ORDER_6418","POSITION_CHECK_FAILED"
"ORDER_6897","POSITION_CHECK_FAILED"
"ORDER_5566","POSITION_CHECK_FAILED"
"ORDER_6898","POSITION_CHECK_FAILED"
"ORDER_9921","POSITION_CHECK_FAILED"
"ORDER_5567","POSITION_CHECK_FAILED"
"ORDER_4239","POSITION_CHECK_FAILED"
"ORDER_6899","POSITION_CHECK_FAILED"
"ORDER_7745","POSITION_CHECK_FAILED"
"ORDER_6892","POSITION_CHECK_FAILED"
"ORDER_10686","POSITION_CHECK_FAILED"
"ORDER_9920","POSITION_CHECK_FAILED"
"ORDER_6894","POSITION_CHECK_FAILED"
"ORDER_10688","POSITION_CHECK_FAILED"
"ORDER_6895","POSITION_CHECK_FAILED"
"ORDER_7741","POSITION_CHECK_FAILED"
"ORDER_3386","POSITION_CHECK_FAILED"
"ORDER_3385","MISMATCHED_CURRENCY"
"ORDER_10200","INVALID_LOT_SIZE"
"ORDER_4231","POSITION_CHECK_FAILED"
"ORDER_6891","POSITION_CHECK_FAILED"
"ORDER_5560","MISMATCHED_CURRENCY"
"ORDER_10685","POSITION_CHECK_FAILED"
"ORDER_1156","POSITION_CHECK_FAILED"
"ORDER_3335","POSITION_CHECK_FAILED"
"ORDER_5515","POSITION_CHECK_FAILED"
"ORDER_1157","POSITION_CHECK_FAILED"
"ORDER_4665","MISMATCHED_CURRENCY"
"ORDER_5516","POSITION_CHECK_FAILED"
"ORDER_6848","POSITION_CHECK_FAILED"
"ORDER_5510","POSITION_CHECK_FAILED"
"ORDER_5511","POSITION_CHECK_FAILED"
"ORDER_5995","POSITION_CHECK_FAILED"
"ORDER_4669","POSITION_CHECK_FAILED"
"ORDER_1158","POSITION_CHECK_FAILED"
"ORDER_10619","POSITION_CHECK_FAILED"
"ORDER_10615","POSITION_CHECK_FAILED"
"ORDER_5990","POSITION_CHECK_FAILED"
"ORDER_2480","POSITION_CHECK_FAILED"
"ORDER_5992","POSITION_CHECK_FAILED"
"ORDER_6840","MISMATCHED_CURRENCY"
"ORDER_3331","POSITION_CHECK_FAILED"
"ORDER_1150","INVALID_LOT_SIZE"
"ORDER_4660","POSITION_CHECK_FAILED"
"ORDER_2476","POSITION_CHECK_FAILED"
"ORDER_5504","POSITION_CHECK_FAILED"
"ORDER_2474","POSITION_CHECK_FAILED"
"ORDER_4653","POSITION_CHECK_FAILED"
"ORDER_6836","POSITION_CHECK_FAILED"
"ORDER_2475","INVALID_LOT_SIZE"
"ORDER_4659","POSITION_CHECK_FAILED"
"ORDER_5500","INVALID_LOT_SIZE"
"ORDER_5502","POSITION_CHECK_FAILED"
"ORDER_5986","POSITION_CHECK_FAILED"
"ORDER_5507","POSITION_CHECK_FAILED"
"ORDER_10628","POSITION_CHECK_FAILED"
"ORDER_10624","POSITION_CHECK_FAILED"
"ORDER_10625","INVALID_LOT_SIZE"
"ORDER_5980","MISMATCHED_CURRENCY"
"ORDER_3320","POSITION_CHECK_FAILED"
"ORDER_1140","MISMATCHED_CURRENCY"
"ORDER_4204","POSITION_CHECK_FAILED"
"ORDER_5537","POSITION_CHECK_FAILED"
"ORDER_4687","POSITION_CHECK_FAILED"
"ORDER_5532","POSITION_CHECK_FAILED"
"ORDER_7711","POSITION_CHECK_FAILED"
"ORDER_5534","POSITION_CHECK_FAILED"
"ORDER_7712","POSITION_CHECK_FAILED"
"ORDER_10638","POSITION_CHECK_FAILED"
"ORDER_10632","POSITION_CHECK_FAILED"
"ORDER_10634","POSITION_CHECK_FAILED"
"ORDER_4684","POSITION_CHECK_FAILED"
"ORDER_3353","POSITION_CHECK_FAILED"
"ORDER_1175","MISMATCHED_CURRENCY"
"ORDER_10630","MISMATCHED_CURRENCY"
"ORDER_3350","MISMATCHED_CURRENCY"
"ORDER_5525","MISMATCHED_CURRENCY"
"ORDER_5526","POSITION_CHECK_FAILED"
"ORDER_1168","POSITION_CHECK_FAILED"
"ORDER_3345","POSITION_CHECK_FAILED"
"ORDER_4674","POSITION_CHECK_FAILED"
"ORDER_7705","POSITION_CHECK_FAILED"
"ORDER_7700","MISMATCHED_CURRENCY"
"ORDER_4679","POSITION_CHECK_FAILED"
"ORDER_5529","POSITION_CHECK_FAILED"
"ORDER_10647","POSITION_CHECK_FAILED"
"ORDER_10648","POSITION_CHECK_FAILED"
"ORDER_2490","MISMATCHED_CURRENCY"
"ORDER_1160","POSITION_CHECK_FAILED"
"ORDER_2495","POSITION_CHECK_FAILED"
"ORDER_3340","POSITION_CHECK_FAILED"
"ORDER_2493","POSITION_CHECK_FAILED"
"ORDER_1162","POSITION_CHECK_FAILED"
"ORDER_4670","POSITION_CHECK_FAILED"
"ORDER_5954","POSITION_CHECK_FAILED"
"ORDER_1113","POSITION_CHECK_FAILED"
"ORDER_1595","MISMATCHED_CURRENCY"
"ORDER_5950","INVALID_LOT_SIZE"
"ORDER_5951","POSITION_CHECK_FAILED"
"ORDER_1117","POSITION_CHECK_FAILED"
"ORDER_4625","POSITION_CHECK_FAILED"
"ORDER_1598","POSITION_CHECK_FAILED"
"ORDER_3777","POSITION_CHECK_FAILED"
"ORDER_6800","INVALID_LOT_SIZE"
"ORDER_4628","POSITION_CHECK_FAILED"
"ORDER_5958","POSITION_CHECK_FAILED"
"ORDER_6805","MISMATCHED_CURRENCY"
"ORDER_10257","POSITION_CHECK_FAILED"
"ORDER_10253","POSITION_CHECK_FAILED"
"ORDER_3770","MISMATCHED_CURRENCY"
"ORDER_10255","POSITION_CHECK_FAILED"
"ORDER_1586","POSITION_CHECK_FAILED"
"ORDER_5945","MISMATCHED_CURRENCY"
"ORDER_10273","POSITION_CHECK_FAILED"
"ORDER_1100","INVALID_LOT_SIZE"
"ORDER_1105","MISMATCHED_CURRENCY"
"ORDER_3768","POSITION_CHECK_FAILED"
"ORDER_4612","POSITION_CHECK_FAILED"
"ORDER_3765","POSITION_CHECK_FAILED"
"ORDER_2465","POSITION_CHECK_FAILED"
"ORDER_4644","POSITION_CHECK_FAILED"
"ORDER_2466","POSITION_CHECK_FAILED"
"ORDER_1135","POSITION_CHECK_FAILED"
"ORDER_3796","POSITION_CHECK_FAILED"
"ORDER_2463","POSITION_CHECK_FAILED"
"ORDER_3311","POSITION_CHECK_FAILED"
"ORDER_3795","POSITION_CHECK_FAILED"
"ORDER_6825","INVALID_LOT_SIZE"
"ORDER_5979","POSITION_CHECK_FAILED"
"ORDER_1139","POSITION_CHECK_FAILED"
"ORDER_5974","POSITION_CHECK_FAILED"
"ORDER_1136","POSITION_CHECK_FAILED"
"ORDER_10280","MISMATCHED_CURRENCY"
"ORDER_3315","MISMATCHED_CURRENCY"
"ORDER_5975","INVALID_LOT_SIZE"
"ORDER_4645","POSITION_CHECK_FAILED"
"ORDER_6827","POSITION_CHECK_FAILED"
"ORDER_5970","POSITION_CHECK_FAILED"
"ORDER_1130","POSITION_CHECK_FAILED"
"ORDER_10275","INVALID_LOT_SIZE"
"ORDER_3301","POSITION_CHECK_FAILED"
"ORDER_4630","MISMATCHED_CURRENCY"
"ORDER_10296","POSITION_CHECK_FAILED"
"ORDER_1127","POSITION_CHECK_FAILED"
"ORDER_1128","POSITION_CHECK_FAILED"
"ORDER_1125","INVALID_LOT_SIZE"
"ORDER_5964","POSITION_CHECK_FAILED"
"ORDER_3309","POSITION_CHECK_FAILED"
"ORDER_1129","POSITION_CHECK_FAILED"
"ORDER_5969","POSITION_CHECK_FAILED"
"ORDER_5960","POSITION_CHECK_FAILED"
"ORDER_1120","POSITION_CHECK_FAILED"
"ORDER_3780","POSITION_CHECK_FAILED"
"ORDER_5910","MISMATCHED_CURRENCY"
"ORDER_5911","POSITION_CHECK_FAILED"
"ORDER_2400","INVALID_LOT_SIZE"
"ORDER_1550","INVALID_LOT_SIZE"
"ORDER_1551","POSITION_CHECK_FAILED"
"ORDER_3735","MISMATCHED_CURRENCY"
"ORDER_3734","POSITION_CHECK_FAILED"
"ORDER_2404","POSITION_CHECK_FAILED"
"ORDER_1555","POSITION_CHECK_FAILED"
"ORDER_3739","POSITION_CHECK_FAILED"
"ORDER_2405","POSITION_CHECK_FAILED"
"ORDER_5914","POSITION_CHECK_FAILED"
"ORDER_8181","POSITION_CHECK_FAILED"
"ORDER_10219","POSITION_CHECK_FAILED"
"ORDER_8180","POSITION_CHECK_FAILED"
"ORDER_10698","POSITION_CHECK_FAILED"
"ORDER_10210","MISMATCHED_CURRENCY"
"ORDER_10694","POSITION_CHECK_FAILED"
"ORDER_10695","POSITION_CHECK_FAILED"
"ORDER_8188","POSITION_CHECK_FAILED"
"ORDER_1541","POSITION_CHECK_FAILED"
"ORDER_5900","INVALID_LOT_SIZE"
"ORDER_1540","POSITION_CHECK_FAILED"
"ORDER_3722","POSITION_CHECK_FAILED"
"ORDER_3721","POSITION_CHECK_FAILED"
"ORDER_5907","POSITION_CHECK_FAILED"
"ORDER_5908","POSITION_CHECK_FAILED"
"ORDER_5909","POSITION_CHECK_FAILED"
"ORDER_3726","POSITION_CHECK_FAILED"
"ORDER_3725","POSITION_CHECK_FAILED"
"ORDER_5904","POSITION_CHECK_FAILED"
"ORDER_5905","POSITION_CHECK_FAILED"
"ORDER_3729","POSITION_CHECK_FAILED"
"ORDER_10225","INVALID_LOT_SIZE"
"ORDER_10227","POSITION_CHECK_FAILED"
"ORDER_10220","POSITION_CHECK_FAILED"
"ORDER_8175","MISMATCHED_CURRENCY"
"ORDER_8178","POSITION_CHECK_FAILED"
"ORDER_8177","POSITION_CHECK_FAILED"
"ORDER_5932","POSITION_CHECK_FAILED"
"ORDER_4600","POSITION_CHECK_FAILED"
"ORDER_5933","POSITION_CHECK_FAILED"
"ORDER_1575","INVALID_LOT_SIZE"
"ORDER_10240","POSITION_CHECK_FAILED"
"ORDER_3751","POSITION_CHECK_FAILED"
"ORDER_5930","POSITION_CHECK_FAILED"
"ORDER_1576","POSITION_CHECK_FAILED"
"ORDER_5931","POSITION_CHECK_FAILED"
"ORDER_4601","POSITION_CHECK_FAILED"
"ORDER_5938","POSITION_CHECK_FAILED"
"ORDER_10250","INVALID_LOT_SIZE"
"ORDER_5923","POSITION_CHECK_FAILED"
"ORDER_10251","POSITION_CHECK_FAILED"
"ORDER_2892","POSITION_CHECK_FAILED"
"ORDER_3744","POSITION_CHECK_FAILED"
"ORDER_5920","POSITION_CHECK_FAILED"
"ORDER_2419","POSITION_CHECK_FAILED"
"ORDER_2417","POSITION_CHECK_FAILED"
"ORDER_5925","INVALID_LOT_SIZE"
"ORDER_8194","POSITION_CHECK_FAILED"
"ORDER_8195","POSITION_CHECK_FAILED"
"ORDER_8191","POSITION_CHECK_FAILED"
"ORDER_10246","POSITION_CHECK_FAILED"
"ORDER_2891","POSITION_CHECK_FAILED"
"ORDER_1560","MISMATCHED_CURRENCY"
"ORDER_10245","MISMATCHED_CURRENCY"
"ORDER_2840","MISMATCHED_CURRENCY"
"ORDER_1996","POSITION_CHECK_FAILED"
"ORDER_1997","POSITION_CHECK_FAILED"
"ORDER_1510","POSITION_CHECK_FAILED"
"ORDER_1511","POSITION_CHECK_FAILED"
"ORDER_1516","POSITION_CHECK_FAILED"
"ORDER_2847","POSITION_CHECK_FAILED"
"ORDER_780","POSITION_CHECK_FAILED"
"ORDER_2845","POSITION_CHECK_FAILED"
"ORDER_1519","POSITION_CHECK_FAILED"
"ORDER_775","POSITION_CHECK_FAILED"
"ORDER_776","POSITION_CHECK_FAILED"
"ORDER_7291","POSITION_CHECK_FAILED"
"ORDER_7294","POSITION_CHECK_FAILED"
"ORDER_778","POSITION_CHECK_FAILED"
"ORDER_8140","MISMATCHED_CURRENCY"
"ORDER_774","POSITION_CHECK_FAILED"
"ORDER_9475","INVALID_LOT_SIZE"
"ORDER_8142","POSITION_CHECK_FAILED"
"ORDER_8144","POSITION_CHECK_FAILED"
"ORDER_1980","MISMATCHED_CURRENCY"
"ORDER_1502","POSITION_CHECK_FAILED"
"ORDER_1986","POSITION_CHECK_FAILED"
"ORDER_1983","POSITION_CHECK_FAILED"
"ORDER_1500","INVALID_LOT_SIZE"
"ORDER_1984","POSITION_CHECK_FAILED"
"ORDER_790","POSITION_CHECK_FAILED"
"ORDER_1504","POSITION_CHECK_FAILED"
"ORDER_792","POSITION_CHECK_FAILED"
"ORDER_786","POSITION_CHECK_FAILED"
"ORDER_7280","MISMATCHED_CURRENCY"
"ORDER_785","POSITION_CHECK_FAILED"
"ORDER_9469","POSITION_CHECK_FAILED"
"ORDER_8135","POSITION_CHECK_FAILED"
"ORDER_9466","POSITION_CHECK_FAILED"
"ORDER_8138","POSITION_CHECK_FAILED"
"ORDER_9467","POSITION_CHECK_FAILED"
"ORDER_9464","POSITION_CHECK_FAILED"
"ORDER_8132","POSITION_CHECK_FAILED"
"ORDER_9462","POSITION_CHECK_FAILED"
"ORDER_1531","POSITION_CHECK_FAILED"
"ORDER_1533","POSITION_CHECK_FAILED"
"ORDER_1539","POSITION_CHECK_FAILED"
"ORDER_1537","POSITION_CHECK_FAILED"
"ORDER_754","POSITION_CHECK_FAILED"
"ORDER_9492","POSITION_CHECK_FAILED"
"ORDER_9490","MISMATCHED_CURRENCY"
"ORDER_9499","POSITION_CHECK_FAILED"
"ORDER_8165","POSITION_CHECK_FAILED"
"ORDER_758","POSITION_CHECK_FAILED"
"ORDER_9495","POSITION_CHECK_FAILED"
"ORDER_1520","POSITION_CHECK_FAILED"
"ORDER_1523","POSITION_CHECK_FAILED"
"ORDER_3700","MISMATCHED_CURRENCY"
"ORDER_1528","POSITION_CHECK_FAILED"
"ORDER_1525","MISMATCHED_CURRENCY"
"ORDER_3704","POSITION_CHECK_FAILED"
"ORDER_770","MISMATCHED_CURRENCY"
"ORDER_3703","POSITION_CHECK_FAILED"
"ORDER_1529","POSITION_CHECK_FAILED"
"ORDER_9482","POSITION_CHECK_FAILED"
"ORDER_8150","POSITION_CHECK_FAILED"
"ORDER_9480","POSITION_CHECK_FAILED"
"ORDER_760","POSITION_CHECK_FAILED"
"ORDER_763","POSITION_CHECK_FAILED"
"ORDER_9488","POSITION_CHECK_FAILED"
"ORDER_9489","POSITION_CHECK_FAILED"
"ORDER_768","POSITION_CHECK_FAILED"
"ORDER_8107","POSITION_CHECK_FAILED"
"ORDER_2800","INVALID_LOT_SIZE"
"ORDER_8106","POSITION_CHECK_FAILED"
"ORDER_10180","POSITION_CHECK_FAILED"
"ORDER_1950","INVALID_LOT_SIZE"
"ORDER_8109","POSITION_CHECK_FAILED"
"ORDER_2802","POSITION_CHECK_FAILED"
"ORDER_2806","POSITION_CHECK_FAILED"
"ORDER_2805","MISMATCHED_CURRENCY"
"ORDER_732","POSITION_CHECK_FAILED"
"ORDER_733","POSITION_CHECK_FAILED"
"ORDER_734","POSITION_CHECK_FAILED"
"ORDER_8580","POSITION_CHECK_FAILED"
"ORDER_7256","POSITION_CHECK_FAILED"
"ORDER_7255","POSITION_CHECK_FAILED"
"ORDER_8105","MISMATCHED_CURRENCY"
"ORDER_7257","POSITION_CHECK_FAILED"
"ORDER_735","MISMATCHED_CURRENCY"
"ORDER_10176","POSITION_CHECK_FAILED"
"ORDER_10177","POSITION_CHECK_FAILED"
"ORDER_8585","POSITION_CHECK_FAILED"
"ORDER_10195","POSITION_CHECK_FAILED"
"ORDER_1945","MISMATCHED_CURRENCY"
"ORDER_743","POSITION_CHECK_FAILED"
"ORDER_745","POSITION_CHECK_FAILED"
"ORDER_741","POSITION_CHECK_FAILED"
"ORDER_7245","MISMATCHED_CURRENCY"
"ORDER_7244","POSITION_CHECK_FAILED"
"ORDER_6399","POSITION_CHECK_FAILED"
"ORDER_747","POSITION_CHECK_FAILED"
"ORDER_10188","POSITION_CHECK_FAILED"
"ORDER_8574","POSITION_CHECK_FAILED"
"ORDER_10189","POSITION_CHECK_FAILED"
"ORDER_1974","POSITION_CHECK_FAILED"
"ORDER_1975","INVALID_LOT_SIZE"
"ORDER_1973","POSITION_CHECK_FAILED"
"ORDER_2825","INVALID_LOT_SIZE"
"ORDER_2828","POSITION_CHECK_FAILED"
"ORDER_2827","POSITION_CHECK_FAILED"
"ORDER_7270","POSITION_CHECK_FAILED"
"ORDER_8127","POSITION_CHECK_FAILED"
"ORDER_7279","POSITION_CHECK_FAILED"
"ORDER_8120","POSITION_CHECK_FAILED"
"ORDER_7273","POSITION_CHECK_FAILED"
"ORDER_8123","POSITION_CHECK_FAILED"
"ORDER_1960","POSITION_CHECK_FAILED"
"ORDER_8117","POSITION_CHECK_FAILED"
"ORDER_1961","POSITION_CHECK_FAILED"
"ORDER_8119","POSITION_CHECK_FAILED"
"ORDER_1967","POSITION_CHECK_FAILED"
"ORDER_2813","POSITION_CHECK_FAILED"
"ORDER_8598","POSITION_CHECK_FAILED"
"ORDER_7267","POSITION_CHECK_FAILED"
"ORDER_8116","POSITION_CHECK_FAILED"
"ORDER_8599","POSITION_CHECK_FAILED"
"ORDER_8110","POSITION_CHECK_FAILED"
"ORDER_7262","POSITION_CHECK_FAILED"
"ORDER_7265","POSITION_CHECK_FAILED"
"ORDER_8595","MISMATCHED_CURRENCY"
"ORDER_8547","POSITION_CHECK_FAILED"
"ORDER_1912","POSITION_CHECK_FAILED"
"ORDER_1910","MISMATCHED_CURRENCY"
"ORDER_1916","POSITION_CHECK_FAILED"
"ORDER_1915","POSITION_CHECK_FAILED"
"ORDER_1909","POSITION_CHECK_FAILED"
"ORDER_7690","POSITION_CHECK_FAILED"
"ORDER_375","POSITION_CHECK_FAILED"
"ORDER_4180","POSITION_CHECK_FAILED"
"ORDER_7213","POSITION_CHECK_FAILED"
"ORDER_6360","POSITION_CHECK_FAILED"
"ORDER_8541","POSITION_CHECK_FAILED"
"ORDER_7210","MISMATCHED_CURRENCY"
"ORDER_6362","POSITION_CHECK_FAILED"
"ORDER_8540","POSITION_CHECK_FAILED"
"ORDER_7693","POSITION_CHECK_FAILED"
"ORDER_7209","POSITION_CHECK_FAILED"
"ORDER_8535","POSITION_CHECK_FAILED"
"ORDER_8538","POSITION_CHECK_FAILED"
"ORDER_1900","INVALID_LOT_SIZE"
"ORDER_1905","POSITION_CHECK_FAILED"
"ORDER_390","POSITION_CHECK_FAILED"
"ORDER_392","POSITION_CHECK_FAILED"
"ORDER_386","POSITION_CHECK_FAILED"
"ORDER_4170","POSITION_CHECK_FAILED"
"ORDER_8531","POSITION_CHECK_FAILED"
"ORDER_7686","POSITION_CHECK_FAILED"
"ORDER_6350","MISMATCHED_CURRENCY"
"ORDER_4175","MISMATCHED_CURRENCY"
"ORDER_6352","POSITION_CHECK_FAILED"
"ORDER_1930","POSITION_CHECK_FAILED"
"ORDER_9899","POSITION_CHECK_FAILED"
"ORDER_9416","POSITION_CHECK_FAILED"
"ORDER_360","POSITION_CHECK_FAILED"
"ORDER_1933","POSITION_CHECK_FAILED"
"ORDER_353","POSITION_CHECK_FAILED"
"ORDER_354","POSITION_CHECK_FAILED"
"ORDER_356","POSITION_CHECK_FAILED"
"ORDER_7236","POSITION_CHECK_FAILED"
"ORDER_8566","POSITION_CHECK_FAILED"
"ORDER_8561","POSITION_CHECK_FAILED"
"ORDER_9894","POSITION_CHECK_FAILED"
"ORDER_8560","MISMATCHED_CURRENCY"
"ORDER_9891","POSITION_CHECK_FAILED"
"ORDER_7232","POSITION_CHECK_FAILED"
"ORDER_9892","POSITION_CHECK_FAILED"
"ORDER_7231","POSITION_CHECK_FAILED"
"ORDER_6385","MISMATCHED_CURRENCY"
"ORDER_9405","POSITION_CHECK_FAILED"
"ORDER_372","POSITION_CHECK_FAILED"
"ORDER_1925","INVALID_LOT_SIZE"
"ORDER_370","MISMATCHED_CURRENCY"
"ORDER_369","POSITION_CHECK_FAILED"
"ORDER_10608","POSITION_CHECK_FAILED"
"ORDER_4196","POSITION_CHECK_FAILED"
"ORDER_6375","INVALID_LOT_SIZE"
"ORDER_4195","POSITION_CHECK_FAILED"
"ORDER_10600","INVALID_LOT_SIZE"
"ORDER_7225","POSITION_CHECK_FAILED"
"ORDER_9400","INVALID_LOT_SIZE"
"ORDER_8555","POSITION_CHECK_FAILED"
"ORDER_6378","POSITION_CHECK_FAILED"
"ORDER_8552","POSITION_CHECK_FAILED"
"ORDER_4198","POSITION_CHECK_FAILED"
"ORDER_8506","POSITION_CHECK_FAILED"
"ORDER_8509","POSITION_CHECK_FAILED"
"ORDER_5477","POSITION_CHECK_FAILED"
"ORDER_6325","INVALID_LOT_SIZE"
"ORDER_8505","POSITION_CHECK_FAILED"
"ORDER_8989","POSITION_CHECK_FAILED"
"ORDER_8988","POSITION_CHECK_FAILED"
"ORDER_6327","POSITION_CHECK_FAILED"
"ORDER_335","MISMATCHED_CURRENCY"
"ORDER_337","POSITION_CHECK_FAILED"
"ORDER_338","POSITION_CHECK_FAILED"
"ORDER_333","POSITION_CHECK_FAILED"
"ORDER_334","POSITION_CHECK_FAILED"
"ORDER_8983","POSITION_CHECK_FAILED"
"ORDER_5474","POSITION_CHECK_FAILED"
"ORDER_4140","MISMATCHED_CURRENCY"
"ORDER_7651","POSITION_CHECK_FAILED"
"ORDER_5475","INVALID_LOT_SIZE"
"ORDER_7654","POSITION_CHECK_FAILED"
"ORDER_5476","POSITION_CHECK_FAILED"
"ORDER_5470","POSITION_CHECK_FAILED"
"ORDER_7650","POSITION_CHECK_FAILED"
"ORDER_8980","MISMATCHED_CURRENCY"
"ORDER_7648","POSITION_CHECK_FAILED"
"ORDER_9826","POSITION_CHECK_FAILED"
"ORDER_4135","POSITION_CHECK_FAILED"
"ORDER_8975","POSITION_CHECK_FAILED"
"ORDER_9825","INVALID_LOT_SIZE"
"ORDER_6315","MISMATCHED_CURRENCY"
"ORDER_8977","POSITION_CHECK_FAILED"
"ORDER_4139","POSITION_CHECK_FAILED"
"ORDER_9823","POSITION_CHECK_FAILED"
"ORDER_350","POSITION_CHECK_FAILED"
"ORDER_352","POSITION_CHECK_FAILED"
"ORDER_349","POSITION_CHECK_FAILED"
"ORDER_342","POSITION_CHECK_FAILED"
"ORDER_345","POSITION_CHECK_FAILED"
"ORDER_5464","POSITION_CHECK_FAILED"
"ORDER_3280","MISMATCHED_CURRENCY"
"ORDER_4134","POSITION_CHECK_FAILED"
"ORDER_5461","POSITION_CHECK_FAILED"
"ORDER_4131","POSITION_CHECK_FAILED"
"ORDER_3284","POSITION_CHECK_FAILED"
"ORDER_8528","POSITION_CHECK_FAILED"
"ORDER_5499","POSITION_CHECK_FAILED"
"ORDER_8525","MISMATCHED_CURRENCY"
"ORDER_5490","MISMATCHED_CURRENCY"
"ORDER_796","POSITION_CHECK_FAILED"
"ORDER_5495","POSITION_CHECK_FAILED"
"ORDER_5496","POSITION_CHECK_FAILED"
"ORDER_4162","POSITION_CHECK_FAILED"
"ORDER_5497","POSITION_CHECK_FAILED"
"ORDER_4160","POSITION_CHECK_FAILED"
"ORDER_5491","POSITION_CHECK_FAILED"
"ORDER_4159","POSITION_CHECK_FAILED"
"ORDER_9848","POSITION_CHECK_FAILED"
"ORDER_8515","POSITION_CHECK_FAILED"
"ORDER_5484","POSITION_CHECK_FAILED"
"ORDER_7663","POSITION_CHECK_FAILED"
"ORDER_6331","POSITION_CHECK_FAILED"
"ORDER_6332","POSITION_CHECK_FAILED"
"ORDER_9843","POSITION_CHECK_FAILED"
"ORDER_5486","POSITION_CHECK_FAILED"
"ORDER_8512","POSITION_CHECK_FAILED"
"ORDER_4150","POSITION_CHECK_FAILED"
"ORDER_7665","MISMATCHED_CURRENCY"
"ORDER_9840","MISMATCHED_CURRENCY"
"ORDER_5480","POSITION_CHECK_FAILED"
"ORDER_8990","POSITION_CHECK_FAILED"
"ORDER_5481","POSITION_CHECK_FAILED"
"ORDER_8991","POSITION_CHECK_FAILED"
"ORDER_6330","POSITION_CHECK_FAILED"
"ORDER_5679","POSITION_CHECK_FAILED"
"ORDER_2169","POSITION_CHECK_FAILED"
"ORDER_8704","POSITION_CHECK_FAILED"
"ORDER_3498","POSITION_CHECK_FAILED"
"ORDER_6528","POSITION_CHECK_FAILED"
"ORDER_2166","POSITION_CHECK_FAILED"
"ORDER_4345","POSITION_CHECK_FAILED"
"ORDER_6529","POSITION_CHECK_FAILED"
"ORDER_10780","POSITION_CHECK_FAILED"
"ORDER_5675","INVALID_LOT_SIZE"
"ORDER_8701","POSITION_CHECK_FAILED"
"ORDER_6523","POSITION_CHECK_FAILED"
"ORDER_5676","POSITION_CHECK_FAILED"
"ORDER_8700","MISMATCHED_CURRENCY"
"ORDER_6524","POSITION_CHECK_FAILED"
"ORDER_6525","MISMATCHED_CURRENCY"
"ORDER_4348","POSITION_CHECK_FAILED"
"ORDER_8708","POSITION_CHECK_FAILED"
"ORDER_3492","POSITION_CHECK_FAILED"
"ORDER_3491","POSITION_CHECK_FAILED"
"ORDER_2161","POSITION_CHECK_FAILED"
"ORDER_10775","INVALID_LOT_SIZE"
"ORDER_3490","MISMATCHED_CURRENCY"
"ORDER_2164","POSITION_CHECK_FAILED"
"ORDER_10770","MISMATCHED_CURRENCY"
"ORDER_3495","POSITION_CHECK_FAILED"
"ORDER_2162","POSITION_CHECK_FAILED"
"ORDER_3488","POSITION_CHECK_FAILED"
"ORDER_4335","POSITION_CHECK_FAILED"
"ORDER_7846","POSITION_CHECK_FAILED"
"ORDER_3487","POSITION_CHECK_FAILED"
"ORDER_6518","POSITION_CHECK_FAILED"
"ORDER_5665","MISMATCHED_CURRENCY"
"ORDER_6513","POSITION_CHECK_FAILED"
"ORDER_4338","POSITION_CHECK_FAILED"
"ORDER_6514","POSITION_CHECK_FAILED"
"ORDER_10308","POSITION_CHECK_FAILED"
"ORDER_3481","POSITION_CHECK_FAILED"
"ORDER_6992","POSITION_CHECK_FAILED"
"ORDER_2150","INVALID_LOT_SIZE"
"ORDER_5661","POSITION_CHECK_FAILED"
"ORDER_6510","POSITION_CHECK_FAILED"
"ORDER_6994","POSITION_CHECK_FAILED"
"ORDER_7840","MISMATCHED_CURRENCY"
"ORDER_3483","POSITION_CHECK_FAILED"
"ORDER_4330","POSITION_CHECK_FAILED"
"ORDER_10783","POSITION_CHECK_FAILED"
"ORDER_3482","POSITION_CHECK_FAILED"
"ORDER_10300","INVALID_LOT_SIZE"
"ORDER_10784","POSITION_CHECK_FAILED"
"ORDER_8727","POSITION_CHECK_FAILED"
"ORDER_5214","POSITION_CHECK_FAILED"
"ORDER_6546","POSITION_CHECK_FAILED"
"ORDER_5215","POSITION_CHECK_FAILED"
"ORDER_10319","POSITION_CHECK_FAILED"
"ORDER_4361","POSITION_CHECK_FAILED"
"ORDER_5210","MISMATCHED_CURRENCY"
"ORDER_5696","POSITION_CHECK_FAILED"
"ORDER_8720","POSITION_CHECK_FAILED"
"ORDER_10315","MISMATCHED_CURRENCY"
"ORDER_10799","POSITION_CHECK_FAILED"
"ORDER_5690","POSITION_CHECK_FAILED"
"ORDER_5692","POSITION_CHECK_FAILED"
"ORDER_10795","POSITION_CHECK_FAILED"
"ORDER_5207","POSITION_CHECK_FAILED"
"ORDER_6539","POSITION_CHECK_FAILED"
"ORDER_2177","POSITION_CHECK_FAILED"
"ORDER_5208","POSITION_CHECK_FAILED"
"ORDER_4355","POSITION_CHECK_FAILED"
"ORDER_6535","POSITION_CHECK_FAILED"
"ORDER_10327","POSITION_CHECK_FAILED"
"ORDER_4350","MISMATCHED_CURRENCY"
"ORDER_2172","POSITION_CHECK_FAILED"
"ORDER_5683","POSITION_CHECK_FAILED"
"ORDER_6531","POSITION_CHECK_FAILED"
"ORDER_5200","INVALID_LOT_SIZE"
"ORDER_10325","INVALID_LOT_SIZE"
"ORDER_2175","MISMATCHED_CURRENCY"
"ORDER_2173","POSITION_CHECK_FAILED"
"ORDER_5635","POSITION_CHECK_FAILED"
"ORDER_2125","INVALID_LOT_SIZE"
"ORDER_4786","POSITION_CHECK_FAILED"
"ORDER_2122","POSITION_CHECK_FAILED"
"ORDER_1275","INVALID_LOT_SIZE"
"ORDER_4301","POSITION_CHECK_FAILED"
"ORDER_7810","POSITION_CHECK_FAILED"
"ORDER_4306","POSITION_CHECK_FAILED"
"ORDER_6964","POSITION_CHECK_FAILED"
"ORDER_2126","POSITION_CHECK_FAILED"
"ORDER_299","POSITION_CHECK_FAILED"
"ORDER_10735","MISMATCHED_CURRENCY"
"ORDER_10736","POSITION_CHECK_FAILED"
"ORDER_1270","POSITION_CHECK_FAILED"
"ORDER_5630","MISMATCHED_CURRENCY"
"ORDER_1273","POSITION_CHECK_FAILED"
"ORDER_6956","POSITION_CHECK_FAILED"
"ORDER_5625","INVALID_LOT_SIZE"
"ORDER_2595","MISMATCHED_CURRENCY"
"ORDER_1264","POSITION_CHECK_FAILED"
"ORDER_7805","MISMATCHED_CURRENCY"
"ORDER_6958","POSITION_CHECK_FAILED"
"ORDER_6953","POSITION_CHECK_FAILED"
"ORDER_4777","POSITION_CHECK_FAILED"
"ORDER_10747","POSITION_CHECK_FAILED"
"ORDER_2590","POSITION_CHECK_FAILED"
"ORDER_6950","INVALID_LOT_SIZE"
"ORDER_2593","POSITION_CHECK_FAILED"
"ORDER_2594","POSITION_CHECK_FAILED"
"ORDER_4770","MISMATCHED_CURRENCY"
"ORDER_2592","POSITION_CHECK_FAILED"
"ORDER_3478","POSITION_CHECK_FAILED"
"ORDER_2146","POSITION_CHECK_FAILED"
"ORDER_3477","POSITION_CHECK_FAILED"
"ORDER_6505","POSITION_CHECK_FAILED"
"ORDER_5658","POSITION_CHECK_FAILED"
"ORDER_3475","POSITION_CHECK_FAILED"
"ORDER_6507","POSITION_CHECK_FAILED"
"ORDER_6500","INVALID_LOT_SIZE"
"ORDER_6501","POSITION_CHECK_FAILED"
"ORDER_2148","POSITION_CHECK_FAILED"
"ORDER_5655","POSITION_CHECK_FAILED"
"ORDER_7834","POSITION_CHECK_FAILED"
"ORDER_7833","POSITION_CHECK_FAILED"
"ORDER_285","POSITION_CHECK_FAILED"
"ORDER_282","POSITION_CHECK_FAILED"
"ORDER_276","POSITION_CHECK_FAILED"
"ORDER_278","POSITION_CHECK_FAILED"
"ORDER_6980","MISMATCHED_CURRENCY"
"ORDER_1291","POSITION_CHECK_FAILED"
"ORDER_5650","INVALID_LOT_SIZE"
"ORDER_10753","POSITION_CHECK_FAILED"
"ORDER_4320","POSITION_CHECK_FAILED"
"ORDER_3472","POSITION_CHECK_FAILED"
"ORDER_2140","MISMATCHED_CURRENCY"
"ORDER_10750","INVALID_LOT_SIZE"
"ORDER_3471","POSITION_CHECK_FAILED"
"ORDER_2141","POSITION_CHECK_FAILED"
"ORDER_2135","POSITION_CHECK_FAILED"
"ORDER_4797","POSITION_CHECK_FAILED"
"ORDER_3465","POSITION_CHECK_FAILED"
"ORDER_1287","POSITION_CHECK_FAILED"
"ORDER_4795","POSITION_CHECK_FAILED"
"ORDER_7821","POSITION_CHECK_FAILED"
"ORDER_6975","INVALID_LOT_SIZE"
"ORDER_3468","POSITION_CHECK_FAILED"
"ORDER_4315","MISMATCHED_CURRENCY"
"ORDER_296","POSITION_CHECK_FAILED"
"ORDER_290","POSITION_CHECK_FAILED"
"ORDER_7829","POSITION_CHECK_FAILED"
"ORDER_293","POSITION_CHECK_FAILED"
"ORDER_287","POSITION_CHECK_FAILED"
"ORDER_10767","POSITION_CHECK_FAILED"
"ORDER_288","POSITION_CHECK_FAILED"
"ORDER_289","POSITION_CHECK_FAILED"
"ORDER_1280","MISMATCHED_CURRENCY"
"ORDER_6970","POSITION_CHECK_FAILED"
"ORDER_10765","POSITION_CHECK_FAILED"
"ORDER_3463","POSITION_CHECK_FAILED"
"ORDER_1284","POSITION_CHECK_FAILED"
"ORDER_1285","POSITION_CHECK_FAILED"
"ORDER_3461","POSITION_CHECK_FAILED"
"ORDER_10761","POSITION_CHECK_FAILED"
"ORDER_3896","POSITION_CHECK_FAILED"
"ORDER_6922","POSITION_CHECK_FAILED"
"ORDER_3894","POSITION_CHECK_FAILED"
"ORDER_6925","INVALID_LOT_SIZE"
"ORDER_4740","POSITION_CHECK_FAILED"
"ORDER_3899","POSITION_CHECK_FAILED"
"ORDER_2569","POSITION_CHECK_FAILED"
"ORDER_2566","POSITION_CHECK_FAILED"
"ORDER_3897","POSITION_CHECK_FAILED"
"ORDER_6921","POSITION_CHECK_FAILED"
"ORDER_2567","POSITION_CHECK_FAILED"
"ORDER_1239","POSITION_CHECK_FAILED"
"ORDER_6927","POSITION_CHECK_FAILED"
"ORDER_6929","POSITION_CHECK_FAILED"
"ORDER_9195","POSITION_CHECK_FAILED"
"ORDER_9191","POSITION_CHECK_FAILED"
"ORDER_2560","MISMATCHED_CURRENCY"
"ORDER_3891","POSITION_CHECK_FAILED"
"ORDER_10375","INVALID_LOT_SIZE"
"ORDER_9199","POSITION_CHECK_FAILED"
"ORDER_6912","POSITION_CHECK_FAILED"
"ORDER_6913","POSITION_CHECK_FAILED"
"ORDER_2551","POSITION_CHECK_FAILED"
"ORDER_4730","POSITION_CHECK_FAILED"
"ORDER_6914","POSITION_CHECK_FAILED"
"ORDER_4735","MISMATCHED_CURRENCY"
"ORDER_2555","POSITION_CHECK_FAILED"
"ORDER_6910","MISMATCHED_CURRENCY"
"ORDER_1225","INVALID_LOT_SIZE"
"ORDER_6919","POSITION_CHECK_FAILED"
"ORDER_4739","POSITION_CHECK_FAILED"
"ORDER_3407","POSITION_CHECK_FAILED"
"ORDER_3406","POSITION_CHECK_FAILED"
"ORDER_6915","POSITION_CHECK_FAILED"
"ORDER_6916","POSITION_CHECK_FAILED"
"ORDER_9180","POSITION_CHECK_FAILED"
"ORDER_10389","POSITION_CHECK_FAILED"
"ORDER_10385","MISMATCHED_CURRENCY"
"ORDER_2550","INVALID_LOT_SIZE"
"ORDER_1255","POSITION_CHECK_FAILED"
"ORDER_6945","MISMATCHED_CURRENCY"
"ORDER_2100","INVALID_LOT_SIZE"
"ORDER_2101","POSITION_CHECK_FAILED"
"ORDER_2585","POSITION_CHECK_FAILED"
"ORDER_2107","POSITION_CHECK_FAILED"
"ORDER_4768","POSITION_CHECK_FAILED"
"ORDER_6942","POSITION_CHECK_FAILED"
"ORDER_5611","POSITION_CHECK_FAILED"
"ORDER_6943","POSITION_CHECK_FAILED"
"ORDER_2105","MISMATCHED_CURRENCY"
"ORDER_5612","POSITION_CHECK_FAILED"
"ORDER_2109","POSITION_CHECK_FAILED"
"ORDER_2582","POSITION_CHECK_FAILED"
"ORDER_1251","POSITION_CHECK_FAILED"
"ORDER_4761","POSITION_CHECK_FAILED"
"ORDER_1252","POSITION_CHECK_FAILED"
"ORDER_4760","POSITION_CHECK_FAILED"
"ORDER_1250","INVALID_LOT_SIZE"
"ORDER_6933","POSITION_CHECK_FAILED"
"ORDER_2575","INVALID_LOT_SIZE"
"ORDER_1245","MISMATCHED_CURRENCY"
"ORDER_6936","POSITION_CHECK_FAILED"
"ORDER_6930","POSITION_CHECK_FAILED"
"ORDER_6931","POSITION_CHECK_FAILED"
"ORDER_2577","POSITION_CHECK_FAILED"
"ORDER_5600","INVALID_LOT_SIZE"
"ORDER_2578","POSITION_CHECK_FAILED"
"ORDER_1240","POSITION_CHECK_FAILED"
"ORDER_2572","POSITION_CHECK_FAILED"
"ORDER_2570","POSITION_CHECK_FAILED"
"ORDER_2521","POSITION_CHECK_FAILED"
"ORDER_2525","MISMATCHED_CURRENCY"
"ORDER_1675","INVALID_LOT_SIZE"
"ORDER_4701","POSITION_CHECK_FAILED"
"ORDER_2523","POSITION_CHECK_FAILED"
"ORDER_4700","MISMATCHED_CURRENCY"
"ORDER_2526","POSITION_CHECK_FAILED"
"ORDER_4705","POSITION_CHECK_FAILED"
"ORDER_4708","POSITION_CHECK_FAILED"
"ORDER_9153","POSITION_CHECK_FAILED"
"ORDER_9150","INVALID_LOT_SIZE"
"ORDER_9159","POSITION_CHECK_FAILED"
"ORDER_10330","POSITION_CHECK_FAILED"
"ORDER_9154","POSITION_CHECK_FAILED"
"ORDER_2994","POSITION_CHECK_FAILED"
"ORDER_2510","POSITION_CHECK_FAILED"
"ORDER_3840","MISMATCHED_CURRENCY"
"ORDER_10350","MISMATCHED_CURRENCY"
"ORDER_1661","POSITION_CHECK_FAILED"
"ORDER_1665","MISMATCHED_CURRENCY"
"ORDER_1669","POSITION_CHECK_FAILED"
"ORDER_3846","POSITION_CHECK_FAILED"
"ORDER_2519","POSITION_CHECK_FAILED"
"ORDER_9140","MISMATCHED_CURRENCY"
"ORDER_8294","POSITION_CHECK_FAILED"
"ORDER_10349","POSITION_CHECK_FAILED"
"ORDER_10345","POSITION_CHECK_FAILED"
"ORDER_2990","POSITION_CHECK_FAILED"
"ORDER_10341","POSITION_CHECK_FAILED"
"ORDER_10343","POSITION_CHECK_FAILED"
"ORDER_6900","INVALID_LOT_SIZE"
"ORDER_2542","POSITION_CHECK_FAILED"
"ORDER_10360","POSITION_CHECK_FAILED"
"ORDER_6902","POSITION_CHECK_FAILED"
"ORDER_1693","POSITION_CHECK_FAILED"
"ORDER_1210","MISMATCHED_CURRENCY"
"ORDER_1694","POSITION_CHECK_FAILED"
"ORDER_10362","POSITION_CHECK_FAILED"
"ORDER_1699","POSITION_CHECK_FAILED"
"ORDER_2547","POSITION_CHECK_FAILED"
"ORDER_4723","POSITION_CHECK_FAILED"
"ORDER_1214","POSITION_CHECK_FAILED"
"ORDER_4722","POSITION_CHECK_FAILED"
"ORDER_6908","POSITION_CHECK_FAILED"
"ORDER_6904","POSITION_CHECK_FAILED"
"ORDER_6905","POSITION_CHECK_FAILED"
"ORDER_9175","MISMATCHED_CURRENCY"
"ORDER_9172","POSITION_CHECK_FAILED"
"ORDER_9171","POSITION_CHECK_FAILED"
"ORDER_10359","POSITION_CHECK_FAILED"
"ORDER_9179","POSITION_CHECK_FAILED"
"ORDER_1690","POSITION_CHECK_FAILED"
"ORDER_1200","INVALID_LOT_SIZE"
"ORDER_10370","POSITION_CHECK_FAILED"
"ORDER_10371","POSITION_CHECK_FAILED"
"ORDER_4714","POSITION_CHECK_FAILED"
"ORDER_1202","POSITION_CHECK_FAILED"
"ORDER_1203","POSITION_CHECK_FAILED"
"ORDER_2538","POSITION_CHECK_FAILED"
"ORDER_9164","POSITION_CHECK_FAILED"
"ORDER_9167","POSITION_CHECK_FAILED"
"ORDER_1681","POSITION_CHECK_FAILED"
"ORDER_9165","POSITION_CHECK_FAILED"
"ORDER_9166","POSITION_CHECK_FAILED"
"ORDER_2960","POSITION_CHECK_FAILED"
"ORDER_1630","MISMATCHED_CURRENCY"
"ORDER_2965","POSITION_CHECK_FAILED"
"ORDER_1633","POSITION_CHECK_FAILED"
"ORDER_3812","POSITION_CHECK_FAILED"
"ORDER_3815","POSITION_CHECK_FAILED"
"ORDER_660","POSITION_CHECK_FAILED"
"ORDER_2966","POSITION_CHECK_FAILED"
"ORDER_1636","POSITION_CHECK_FAILED"
"ORDER_3817","POSITION_CHECK_FAILED"
"ORDER_654","POSITION_CHECK_FAILED"
"ORDER_655","POSITION_CHECK_FAILED"
"ORDER_9590","POSITION_CHECK_FAILED"
"ORDER_8262","POSITION_CHECK_FAILED"
"ORDER_650","INVALID_LOT_SIZE"
"ORDER_652","POSITION_CHECK_FAILED"
"ORDER_9115","POSITION_CHECK_FAILED"
"ORDER_9596","POSITION_CHECK_FAILED"
"ORDER_9110","POSITION_CHECK_FAILED"
"ORDER_9595","MISMATCHED_CURRENCY"
"ORDER_2950","INVALID_LOT_SIZE"
"ORDER_2958","POSITION_CHECK_FAILED"
"ORDER_3805","MISMATCHED_CURRENCY"
"ORDER_2957","POSITION_CHECK_FAILED"
"ORDER_670","MISMATCHED_CURRENCY"
"ORDER_1624","POSITION_CHECK_FAILED"
"ORDER_671","POSITION_CHECK_FAILED"
"ORDER_2955","POSITION_CHECK_FAILED"
"ORDER_1625","INVALID_LOT_SIZE"
"ORDER_9581","POSITION_CHECK_FAILED"
"ORDER_8251","POSITION_CHECK_FAILED"
"ORDER_668","POSITION_CHECK_FAILED"
"ORDER_9105","MISMATCHED_CURRENCY"
"ORDER_8257","POSITION_CHECK_FAILED"
"ORDER_8258","POSITION_CHECK_FAILED"
"ORDER_9585","POSITION_CHECK_FAILED"
"ORDER_8255","POSITION_CHECK_FAILED"
"ORDER_9100","INVALID_LOT_SIZE"
"ORDER_2980","MISMATCHED_CURRENCY"
"ORDER_1650","INVALID_LOT_SIZE"
"ORDER_2503","POSITION_CHECK_FAILED"
"ORDER_1656","POSITION_CHECK_FAILED"
"ORDER_2500","INVALID_LOT_SIZE"
"ORDER_2985","POSITION_CHECK_FAILED"
"ORDER_2984","POSITION_CHECK_FAILED"
"ORDER_2506","POSITION_CHECK_FAILED"
"ORDER_3838","POSITION_CHECK_FAILED"
"ORDER_2509","POSITION_CHECK_FAILED"
"ORDER_9130","POSITION_CHECK_FAILED"
"ORDER_633","POSITION_CHECK_FAILED"
"ORDER_635","MISMATCHED_CURRENCY"
"ORDER_8280","MISMATCHED_CURRENCY"
"ORDER_631","POSITION_CHECK_FAILED"
"ORDER_637","POSITION_CHECK_FAILED"
"ORDER_9135","POSITION_CHECK_FAILED"
"ORDER_638","POSITION_CHECK_FAILED"
"ORDER_2971","POSITION_CHECK_FAILED"
"ORDER_1644","POSITION_CHECK_FAILED"
"ORDER_2975","INVALID_LOT_SIZE"
"ORDER_1645","POSITION_CHECK_FAILED"
"ORDER_3826","POSITION_CHECK_FAILED"
"ORDER_1646","POSITION_CHECK_FAILED"
"ORDER_3825","POSITION_CHECK_FAILED"
"ORDER_1647","POSITION_CHECK_FAILED"
"ORDER_3829","POSITION_CHECK_FAILED"
"ORDER_8271","POSITION_CHECK_FAILED"
"ORDER_9120","POSITION_CHECK_FAILED"
"ORDER_8270","POSITION_CHECK_FAILED"
"ORDER_645","POSITION_CHECK_FAILED"
"ORDER_8272","POSITION_CHECK_FAILED"
"ORDER_641","POSITION_CHECK_FAILED"
"ORDER_642","POSITION_CHECK_FAILED"
"ORDER_9128","POSITION_CHECK_FAILED"
"ORDER_9125","INVALID_LOT_SIZE"
"ORDER_2925","INVALID_LOT_SIZE"
"ORDER_2922","POSITION_CHECK_FAILED"
"ORDER_2928","POSITION_CHECK_FAILED"
"ORDER_5193","POSITION_CHECK_FAILED"
"ORDER_9556","POSITION_CHECK_FAILED"
"ORDER_8224","POSITION_CHECK_FAILED"
"ORDER_9555","POSITION_CHECK_FAILED"
"ORDER_8225","POSITION_CHECK_FAILED"
"ORDER_9550","INVALID_LOT_SIZE"
"ORDER_8221","POSITION_CHECK_FAILED"
"ORDER_2910","MISMATCHED_CURRENCY"
"ORDER_8218","POSITION_CHECK_FAILED"
"ORDER_2914","POSITION_CHECK_FAILED"
"ORDER_2918","POSITION_CHECK_FAILED"
"ORDER_2915","POSITION_CHECK_FAILED"
"ORDER_5180","POSITION_CHECK_FAILED"
"ORDER_2909","POSITION_CHECK_FAILED"
"ORDER_2908","POSITION_CHECK_FAILED"
"ORDER_8690","POSITION_CHECK_FAILED"
"ORDER_9546","POSITION_CHECK_FAILED"
"ORDER_8698","POSITION_CHECK_FAILED"
"ORDER_8693","POSITION_CHECK_FAILED"
"ORDER_9542","POSITION_CHECK_FAILED"
"ORDER_9540","POSITION_CHECK_FAILED"
"ORDER_8210","MISMATCHED_CURRENCY"
"ORDER_2943","POSITION_CHECK_FAILED"
"ORDER_8249","POSITION_CHECK_FAILED"
"ORDER_2941","POSITION_CHECK_FAILED"
"ORDER_2947","POSITION_CHECK_FAILED"
"ORDER_1615","POSITION_CHECK_FAILED"
"ORDER_2945","MISMATCHED_CURRENCY"
"ORDER_2949","POSITION_CHECK_FAILED"
"ORDER_9570","POSITION_CHECK_FAILED"
"ORDER_8240","POSITION_CHECK_FAILED"
"ORDER_8245","MISMATCHED_CURRENCY"
"ORDER_9574","POSITION_CHECK_FAILED"
"ORDER_7395","POSITION_CHECK_FAILED"
"ORDER_9575","INVALID_LOT_SIZE"
"ORDER_8241","POSITION_CHECK_FAILED"
"ORDER_1600","INVALID_LOT_SIZE"
"ORDER_2931","POSITION_CHECK_FAILED"
"ORDER_8238","POSITION_CHECK_FAILED"
"ORDER_2930","POSITION_CHECK_FAILED"
"ORDER_1604","POSITION_CHECK_FAILED"
"ORDER_2935","POSITION_CHECK_FAILED"
"ORDER_2938","POSITION_CHECK_FAILED"
"ORDER_9560","MISMATCHED_CURRENCY"
"ORDER_9563","POSITION_CHECK_FAILED"
"ORDER_7385","MISMATCHED_CURRENCY"
"ORDER_9518","POSITION_CHECK_FAILED"
"ORDER_6489","POSITION_CHECK_FAILED"
"ORDER_9516","POSITION_CHECK_FAILED"
"ORDER_7337","POSITION_CHECK_FAILED"
"ORDER_5159","POSITION_CHECK_FAILED"
"ORDER_262","POSITION_CHECK_FAILED"
"ORDER_259","POSITION_CHECK_FAILED"
"ORDER_6480","POSITION_CHECK_FAILED"
"ORDER_6485","POSITION_CHECK_FAILED"
"ORDER_9512","POSITION_CHECK_FAILED"
"ORDER_8664","POSITION_CHECK_FAILED"
"ORDER_6486","POSITION_CHECK_FAILED"
"ORDER_9513","POSITION_CHECK_FAILED"
"ORDER_9510","POSITION_CHECK_FAILED"
"ORDER_7335","POSITION_CHECK_FAILED"
"ORDER_6488","POSITION_CHECK_FAILED"
"ORDER_5157","POSITION_CHECK_FAILED"
"ORDER_8665","MISMATCHED_CURRENCY"
"ORDER_6481","POSITION_CHECK_FAILED"
"ORDER_5150","INVALID_LOT_SIZE"
"ORDER_8660","POSITION_CHECK_FAILED"
"ORDER_6482","POSITION_CHECK_FAILED"
"ORDER_9990","POSITION_CHECK_FAILED"
"ORDER_8661","POSITION_CHECK_FAILED"
"ORDER_7330","POSITION_CHECK_FAILED"
"ORDER_6479","POSITION_CHECK_FAILED"
"ORDER_5148","POSITION_CHECK_FAILED"
"ORDER_8656","POSITION_CHECK_FAILED"
"ORDER_9503","POSITION_CHECK_FAILED"
"ORDER_273","POSITION_CHECK_FAILED"
"ORDER_274","POSITION_CHECK_FAILED"
"ORDER_275","INVALID_LOT_SIZE"
"ORDER_270","MISMATCHED_CURRENCY"
"ORDER_269","POSITION_CHECK_FAILED"
"ORDER_10707","POSITION_CHECK_FAILED"
"ORDER_4291","POSITION_CHECK_FAILED"
"ORDER_6474","POSITION_CHECK_FAILED"
"ORDER_6475","INVALID_LOT_SIZE"
"ORDER_9502","POSITION_CHECK_FAILED"
"ORDER_6477","POSITION_CHECK_FAILED"
"ORDER_9500","INVALID_LOT_SIZE"
"ORDER_5146","POSITION_CHECK_FAILED"
"ORDER_10700","MISMATCHED_CURRENCY"
"ORDER_6471","POSITION_CHECK_FAILED"
"ORDER_5140","MISMATCHED_CURRENCY"
"ORDER_6472","POSITION_CHECK_FAILED"
"ORDER_9980","MISMATCHED_CURRENCY"
"ORDER_2902","POSITION_CHECK_FAILED"
"ORDER_2901","POSITION_CHECK_FAILED"
"ORDER_2900","INVALID_LOT_SIZE"
"ORDER_242","POSITION_CHECK_FAILED"
"ORDER_2904","POSITION_CHECK_FAILED"
"ORDER_232","POSITION_CHECK_FAILED"
"ORDER_233","POSITION_CHECK_FAILED"
"ORDER_234","POSITION_CHECK_FAILED"
"ORDER_235","MISMATCHED_CURRENCY"
"ORDER_9534","POSITION_CHECK_FAILED"
"ORDER_5178","POSITION_CHECK_FAILED"
"ORDER_8688","POSITION_CHECK_FAILED"
"ORDER_8682","POSITION_CHECK_FAILED"
"ORDER_7351","POSITION_CHECK_FAILED"
"ORDER_7350","MISMATCHED_CURRENCY"
"ORDER_5175","MISMATCHED_CURRENCY"
"ORDER_9529","POSITION_CHECK_FAILED"
"ORDER_9527","POSITION_CHECK_FAILED"
"ORDER_8679","POSITION_CHECK_FAILED"
"ORDER_9528","POSITION_CHECK_FAILED"
"ORDER_8678","POSITION_CHECK_FAILED"
"ORDER_9525","MISMATCHED_CURRENCY"
"ORDER_9526","POSITION_CHECK_FAILED"
"ORDER_250","INVALID_LOT_SIZE"
"ORDER_6490","MISMATCHED_CURRENCY"
"ORDER_243","POSITION_CHECK_FAILED"
"ORDER_244","POSITION_CHECK_FAILED"
"ORDER_245","POSITION_CHECK_FAILED"
"ORDER_10725","INVALID_LOT_SIZE"
"ORDER_9523","POSITION_CHECK_FAILED"
"ORDER_5165","POSITION_CHECK_FAILED"
"ORDER_8675","POSITION_CHECK_FAILED"
"ORDER_6497","POSITION_CHECK_FAILED"
"ORDER_10720","POSITION_CHECK_FAILED"
"ORDER_9521","POSITION_CHECK_FAILED"
"ORDER_5167","POSITION_CHECK_FAILED"
"ORDER_7345","POSITION_CHECK_FAILED"
"ORDER_6495","POSITION_CHECK_FAILED"
"ORDER_8672","POSITION_CHECK_FAILED"
"ORDER_5114","POSITION_CHECK_FAILED"
"ORDER_9954","POSITION_CHECK_FAILED"
"ORDER_5117","POSITION_CHECK_FAILED"
"ORDER_699","POSITION_CHECK_FAILED"
"ORDER_695","POSITION_CHECK_FAILED"
"ORDER_696","POSITION_CHECK_FAILED"
"ORDER_5594","POSITION_CHECK_FAILED"
"ORDER_5595","MISMATCHED_CURRENCY"
"ORDER_9950","INVALID_LOT_SIZE"
"ORDER_5596","POSITION_CHECK_FAILED"
"ORDER_8622","POSITION_CHECK_FAILED"
"ORDER_5113","POSITION_CHECK_FAILED"
"ORDER_5597","POSITION_CHECK_FAILED"
"ORDER_7771","POSITION_CHECK_FAILED"
"ORDER_7770","MISMATCHED_CURRENCY"
"ORDER_5107","POSITION_CHECK_FAILED"
"ORDER_5109","POSITION_CHECK_FAILED"
"ORDER_9945","MISMATCHED_CURRENCY"
"ORDER_5103","POSITION_CHECK_FAILED"
"ORDER_9946","POSITION_CHECK_FAILED"
"ORDER_5104","POSITION_CHECK_FAILED"
"ORDER_5588","POSITION_CHECK_FAILED"
"ORDER_7765","POSITION_CHECK_FAILED"
"ORDER_5105","MISMATCHED_CURRENCY"
"ORDER_9944","POSITION_CHECK_FAILED"
"ORDER_8614","POSITION_CHECK_FAILED"
"ORDER_5100","INVALID_LOT_SIZE"
"ORDER_5585","POSITION_CHECK_FAILED"
"ORDER_4255","POSITION_CHECK_FAILED"
"ORDER_4254","POSITION_CHECK_FAILED"
"ORDER_7319","POSITION_CHECK_FAILED"
"ORDER_7315","MISMATCHED_CURRENCY"
"ORDER_9976","POSITION_CHECK_FAILED"
"ORDER_677","POSITION_CHECK_FAILED"
"ORDER_678","POSITION_CHECK_FAILED"
"ORDER_672","POSITION_CHECK_FAILED"
"ORDER_4280","MISMATCHED_CURRENCY"
"ORDER_675","INVALID_LOT_SIZE"
"ORDER_6463","POSITION_CHECK_FAILED"
"ORDER_9975","INVALID_LOT_SIZE"
"ORDER_6465","POSITION_CHECK_FAILED"
"ORDER_5134","POSITION_CHECK_FAILED"
"ORDER_6466","POSITION_CHECK_FAILED"
"ORDER_5135","POSITION_CHECK_FAILED"
"ORDER_8643","POSITION_CHECK_FAILED"
"ORDER_6462","POSITION_CHECK_FAILED"
"ORDER_8638","POSITION_CHECK_FAILED"
"ORDER_4278","POSITION_CHECK_FAILED"
"ORDER_9967","POSITION_CHECK_FAILED"
"ORDER_5125","INVALID_LOT_SIZE"
"ORDER_5128","POSITION_CHECK_FAILED"
"ORDER_690","POSITION_CHECK_FAILED"
"ORDER_691","POSITION_CHECK_FAILED"
"ORDER_692","POSITION_CHECK_FAILED"
"ORDER_693","POSITION_CHECK_FAILED"
"ORDER_686","POSITION_CHECK_FAILED"
"ORDER_5121","POSITION_CHECK_FAILED"
"ORDER_8630","MISMATCHED_CURRENCY"
"ORDER_4272","POSITION_CHECK_FAILED"
"ORDER_9962","POSITION_CHECK_FAILED"
"ORDER_4270","POSITION_CHECK_FAILED"
"ORDER_9960","POSITION_CHECK_FAILED"
"ORDER_4468","POSITION_CHECK_FAILED"
"ORDER_7979","POSITION_CHECK_FAILED"
"ORDER_6647","POSITION_CHECK_FAILED"
"ORDER_5316","POSITION_CHECK_FAILED"
"ORDER_4467","POSITION_CHECK_FAILED"
"ORDER_8825","POSITION_CHECK_FAILED"
"ORDER_4466","POSITION_CHECK_FAILED"
"ORDER_5319","POSITION_CHECK_FAILED"
"ORDER_8827","POSITION_CHECK_FAILED"
"ORDER_7975","POSITION_CHECK_FAILED"
"ORDER_7977","POSITION_CHECK_FAILED"
"ORDER_6645","POSITION_CHECK_FAILED"
"ORDER_5315","MISMATCHED_CURRENCY"
"ORDER_10899","POSITION_CHECK_FAILED"
"ORDER_10895","POSITION_CHECK_FAILED"
"ORDER_5792","POSITION_CHECK_FAILED"
"ORDER_10896","POSITION_CHECK_FAILED"
"ORDER_6640","POSITION_CHECK_FAILED"
"ORDER_2282","POSITION_CHECK_FAILED"
"ORDER_6641","POSITION_CHECK_FAILED"
"ORDER_2280","MISMATCHED_CURRENCY"
"ORDER_10891","POSITION_CHECK_FAILED"
"ORDER_4464","POSITION_CHECK_FAILED"
"ORDER_2285","POSITION_CHECK_FAILED"
"ORDER_4461","POSITION_CHECK_FAILED"
"ORDER_10894","POSITION_CHECK_FAILED"
"ORDER_7968","POSITION_CHECK_FAILED"
"ORDER_3126","POSITION_CHECK_FAILED"
"ORDER_5305","POSITION_CHECK_FAILED"
"ORDER_5306","POSITION_CHECK_FAILED"
"ORDER_2276","POSITION_CHECK_FAILED"
"ORDER_3123","POSITION_CHECK_FAILED"
"ORDER_5301","POSITION_CHECK_FAILED"
"ORDER_5785","POSITION_CHECK_FAILED"
"ORDER_7963","POSITION_CHECK_FAILED"
"ORDER_7960","POSITION_CHECK_FAILED"
"ORDER_2270","POSITION_CHECK_FAILED"
"ORDER_7962","POSITION_CHECK_FAILED"
"ORDER_6630","MISMATCHED_CURRENCY"
"ORDER_7961","POSITION_CHECK_FAILED"
"ORDER_6631","POSITION_CHECK_FAILED"
"ORDER_5300","INVALID_LOT_SIZE"
"ORDER_2275","INVALID_LOT_SIZE"
"ORDER_3120","POSITION_CHECK_FAILED"
"ORDER_2272","POSITION_CHECK_FAILED"
"ORDER_5780","POSITION_CHECK_FAILED"
"ORDER_5338","POSITION_CHECK_FAILED"
"ORDER_7519","POSITION_CHECK_FAILED"
"ORDER_7518","POSITION_CHECK_FAILED"
"ORDER_6665","MISMATCHED_CURRENCY"
"ORDER_5334","POSITION_CHECK_FAILED"
"ORDER_7512","POSITION_CHECK_FAILED"
"ORDER_8843","POSITION_CHECK_FAILED"
"ORDER_4482","POSITION_CHECK_FAILED"
"ORDER_5330","POSITION_CHECK_FAILED"
"ORDER_8840","MISMATCHED_CURRENCY"
"ORDER_3150","POSITION_CHECK_FAILED"
"ORDER_5331","POSITION_CHECK_FAILED"
"ORDER_4480","POSITION_CHECK_FAILED"
"ORDER_7995","POSITION_CHECK_FAILED"
"ORDER_4483","POSITION_CHECK_FAILED"
"ORDER_7990","POSITION_CHECK_FAILED"
"ORDER_3152","POSITION_CHECK_FAILED"
"ORDER_6660","POSITION_CHECK_FAILED"
"ORDER_3148","POSITION_CHECK_FAILED"
"ORDER_4478","POSITION_CHECK_FAILED"
"ORDER_7989","POSITION_CHECK_FAILED"
"ORDER_8836","POSITION_CHECK_FAILED"
"ORDER_3146","POSITION_CHECK_FAILED"
"ORDER_5329","POSITION_CHECK_FAILED"
"ORDER_4476","POSITION_CHECK_FAILED"
"ORDER_7504","POSITION_CHECK_FAILED"
"ORDER_5325","INVALID_LOT_SIZE"
"ORDER_8835","POSITION_CHECK_FAILED"
"ORDER_3149","POSITION_CHECK_FAILED"
"ORDER_7509","POSITION_CHECK_FAILED"
"ORDER_4471","POSITION_CHECK_FAILED"
"ORDER_7982","POSITION_CHECK_FAILED"
"ORDER_3140","MISMATCHED_CURRENCY"
"ORDER_6650","INVALID_LOT_SIZE"
"ORDER_4470","POSITION_CHECK_FAILED"
"ORDER_7981","POSITION_CHECK_FAILED"
"ORDER_2290","POSITION_CHECK_FAILED"
"ORDER_5321","POSITION_CHECK_FAILED"
"ORDER_2291","POSITION_CHECK_FAILED"
"ORDER_8830","POSITION_CHECK_FAILED"
"ORDER_4475","POSITION_CHECK_FAILED"
"ORDER_2296","POSITION_CHECK_FAILED"
"ORDER_4474","POSITION_CHECK_FAILED"
"ORDER_2297","POSITION_CHECK_FAILED"
"ORDER_7980","MISMATCHED_CURRENCY"
"ORDER_3142","POSITION_CHECK_FAILED"
"ORDER_2294","POSITION_CHECK_FAILED"
"ORDER_4472","POSITION_CHECK_FAILED"
"ORDER_3141","POSITION_CHECK_FAILED"
"ORDER_3577","POSITION_CHECK_FAILED"
"ORDER_2245","MISMATCHED_CURRENCY"
"ORDER_1399","POSITION_CHECK_FAILED"
"ORDER_7937","POSITION_CHECK_FAILED"
"ORDER_3575","POSITION_CHECK_FAILED"
"ORDER_2249","POSITION_CHECK_FAILED"
"ORDER_7930","POSITION_CHECK_FAILED"
"ORDER_6600","INVALID_LOT_SIZE"
"ORDER_7932","POSITION_CHECK_FAILED"
"ORDER_5755","POSITION_CHECK_FAILED"
"ORDER_187","POSITION_CHECK_FAILED"
"ORDER_180","POSITION_CHECK_FAILED"
"ORDER_183","POSITION_CHECK_FAILED"
"ORDER_179","POSITION_CHECK_FAILED"
"ORDER_5750","INVALID_LOT_SIZE"
"ORDER_3571","POSITION_CHECK_FAILED"
"ORDER_3570","POSITION_CHECK_FAILED"
"ORDER_4897","POSITION_CHECK_FAILED"
"ORDER_7924","POSITION_CHECK_FAILED"
"ORDER_3566","POSITION_CHECK_FAILED"
"ORDER_1387","POSITION_CHECK_FAILED"
"ORDER_4895","POSITION_CHECK_FAILED"
"ORDER_1385","MISMATCHED_CURRENCY"
"ORDER_7925","POSITION_CHECK_FAILED"
"ORDER_190","POSITION_CHECK_FAILED"
"ORDER_4410","POSITION_CHECK_FAILED"
"ORDER_7920","POSITION_CHECK_FAILED"
"ORDER_5741","POSITION_CHECK_FAILED"
"ORDER_4416","POSITION_CHECK_FAILED"
"ORDER_4899","POSITION_CHECK_FAILED"
"ORDER_5743","POSITION_CHECK_FAILED"
"ORDER_1389","POSITION_CHECK_FAILED"
"ORDER_7921","POSITION_CHECK_FAILED"
"ORDER_5744","POSITION_CHECK_FAILED"
"ORDER_4419","POSITION_CHECK_FAILED"
"ORDER_7928","POSITION_CHECK_FAILED"
"ORDER_7927","POSITION_CHECK_FAILED"
"ORDER_193","POSITION_CHECK_FAILED"
"ORDER_3561","POSITION_CHECK_FAILED"
"ORDER_3560","MISMATCHED_CURRENCY"
"ORDER_7957","POSITION_CHECK_FAILED"
"ORDER_3115","POSITION_CHECK_FAILED"
"ORDER_6625","INVALID_LOT_SIZE"
"ORDER_2267","POSITION_CHECK_FAILED"
"ORDER_3113","POSITION_CHECK_FAILED"
"ORDER_3597","POSITION_CHECK_FAILED"
"ORDER_8805","MISMATCHED_CURRENCY"
"ORDER_6621","POSITION_CHECK_FAILED"
"ORDER_5775","INVALID_LOT_SIZE"
"ORDER_7955","POSITION_CHECK_FAILED"
"ORDER_5777","POSITION_CHECK_FAILED"
"ORDER_162","POSITION_CHECK_FAILED"
"ORDER_165","POSITION_CHECK_FAILED"
"ORDER_160","POSITION_CHECK_FAILED"
"ORDER_156","POSITION_CHECK_FAILED"
"ORDER_5770","MISMATCHED_CURRENCY"
"ORDER_7951","POSITION_CHECK_FAILED"
"ORDER_7950","POSITION_CHECK_FAILED"
"ORDER_3111","POSITION_CHECK_FAILED"
"ORDER_3595","MISMATCHED_CURRENCY"
"ORDER_3110","POSITION_CHECK_FAILED"
"ORDER_2261","POSITION_CHECK_FAILED"
"ORDER_3104","POSITION_CHECK_FAILED"
"ORDER_5767","POSITION_CHECK_FAILED"
"ORDER_7945","MISMATCHED_CURRENCY"
"ORDER_3103","POSITION_CHECK_FAILED"
"ORDER_6615","POSITION_CHECK_FAILED"
"ORDER_2257","POSITION_CHECK_FAILED"
"ORDER_3586","POSITION_CHECK_FAILED"
"ORDER_2255","POSITION_CHECK_FAILED"
"ORDER_5764","POSITION_CHECK_FAILED"
"ORDER_6612","POSITION_CHECK_FAILED"
"ORDER_3105","MISMATCHED_CURRENCY"
"ORDER_6613","POSITION_CHECK_FAILED"
"ORDER_5766","POSITION_CHECK_FAILED"
"ORDER_173","POSITION_CHECK_FAILED"
"ORDER_175","INVALID_LOT_SIZE"
"ORDER_176","POSITION_CHECK_FAILED"
"ORDER_170","MISMATCHED_CURRENCY"
"ORDER_168","POSITION_CHECK_FAILED"
"ORDER_10400","INVALID_LOT_SIZE"
"ORDER_10401","POSITION_CHECK_FAILED"
"ORDER_3100","POSITION_CHECK_FAILED"
"ORDER_2250","INVALID_LOT_SIZE"
"ORDER_2251","POSITION_CHECK_FAILED"
"ORDER_3533","POSITION_CHECK_FAILED"
"ORDER_3531","POSITION_CHECK_FAILED"
"ORDER_2684","POSITION_CHECK_FAILED"
"ORDER_2200","INVALID_LOT_SIZE"
"ORDER_5715","POSITION_CHECK_FAILED"
"ORDER_3537","POSITION_CHECK_FAILED"
"ORDER_1359","POSITION_CHECK_FAILED"
"ORDER_2203","POSITION_CHECK_FAILED"
"ORDER_5710","POSITION_CHECK_FAILED"
"ORDER_3534","POSITION_CHECK_FAILED"
"ORDER_3539","POSITION_CHECK_FAILED"
"ORDER_5717","POSITION_CHECK_FAILED"
"ORDER_10495","POSITION_CHECK_FAILED"
"ORDER_1350","MISMATCHED_CURRENCY"
"ORDER_10496","POSITION_CHECK_FAILED"
"ORDER_2680","POSITION_CHECK_FAILED"
"ORDER_2675","INVALID_LOT_SIZE"
"ORDER_3521","POSITION_CHECK_FAILED"
"ORDER_1344","POSITION_CHECK_FAILED"
"ORDER_1341","POSITION_CHECK_FAILED"
"ORDER_5704","POSITION_CHECK_FAILED"
"ORDER_1342","POSITION_CHECK_FAILED"
"ORDER_3525","MISMATCHED_CURRENCY"
"ORDER_2678","POSITION_CHECK_FAILED"
"ORDER_1345","POSITION_CHECK_FAILED"
"ORDER_5700","MISMATCHED_CURRENCY"
"ORDER_5708","POSITION_CHECK_FAILED"
"ORDER_3555","POSITION_CHECK_FAILED"
"ORDER_7912","POSITION_CHECK_FAILED"
"ORDER_5735","MISMATCHED_CURRENCY"
"ORDER_2221","POSITION_CHECK_FAILED"
"ORDER_1375","INVALID_LOT_SIZE"
"ORDER_3559","POSITION_CHECK_FAILED"
"ORDER_5730","POSITION_CHECK_FAILED"
"ORDER_2225","INVALID_LOT_SIZE"
"ORDER_7910","MISMATCHED_CURRENCY"
"ORDER_4408","POSITION_CHECK_FAILED"
"ORDER_7919","POSITION_CHECK_FAILED"
"ORDER_1366","POSITION_CHECK_FAILED"
"ORDER_7904","POSITION_CHECK_FAILED"
"ORDER_2210","MISMATCHED_CURRENCY"
"ORDER_2695","POSITION_CHECK_FAILED"
"ORDER_5725","INVALID_LOT_SIZE"
"ORDER_7903","POSITION_CHECK_FAILED"
"ORDER_3541","POSITION_CHECK_FAILED"
"ORDER_5720","POSITION_CHECK_FAILED"
"ORDER_2215","POSITION_CHECK_FAILED"
"ORDER_3973","POSITION_CHECK_FAILED"
"ORDER_2645","POSITION_CHECK_FAILED"
"ORDER_1315","MISMATCHED_CURRENCY"
"ORDER_1318","POSITION_CHECK_FAILED"
"ORDER_3978","POSITION_CHECK_FAILED"
"ORDER_2647","POSITION_CHECK_FAILED"
"ORDER_9274","POSITION_CHECK_FAILED"
"ORDER_9270","POSITION_CHECK_FAILED"
"ORDER_9275","INVALID_LOT_SIZE"
"ORDER_10470","POSITION_CHECK_FAILED"
"ORDER_2630","MISMATCHED_CURRENCY"
"ORDER_1300","INVALID_LOT_SIZE"
"ORDER_3960","POSITION_CHECK_FAILED"
"ORDER_10472","POSITION_CHECK_FAILED"
"ORDER_4813","POSITION_CHECK_FAILED"
"ORDER_3964","POSITION_CHECK_FAILED"
"ORDER_2633","POSITION_CHECK_FAILED"
"ORDER_2632","POSITION_CHECK_FAILED"
"ORDER_4810","POSITION_CHECK_FAILED"
"ORDER_3969","POSITION_CHECK_FAILED"
"ORDER_4814","POSITION_CHECK_FAILED"
"ORDER_4818","POSITION_CHECK_FAILED"
"ORDER_9260","POSITION_CHECK_FAILED"
"ORDER_9268","POSITION_CHECK_FAILED"
"ORDER_10463","POSITION_CHECK_FAILED"
"ORDER_10464","POSITION_CHECK_FAILED"
"ORDER_10465","POSITION_CHECK_FAILED"
"ORDER_10480","POSITION_CHECK_FAILED"
"ORDER_2664","POSITION_CHECK_FAILED"
"ORDER_3994","POSITION_CHECK_FAILED"
"ORDER_2663","POSITION_CHECK_FAILED"
"ORDER_10482","POSITION_CHECK_FAILED"
"ORDER_3993","POSITION_CHECK_FAILED"
"ORDER_1330","POSITION_CHECK_FAILED"
"ORDER_4840","MISMATCHED_CURRENCY"
"ORDER_10483","POSITION_CHECK_FAILED"
"ORDER_1331","POSITION_CHECK_FAILED"
"ORDER_2665","MISMATCHED_CURRENCY"
"ORDER_9294","POSITION_CHECK_FAILED"
"ORDER_10478","POSITION_CHECK_FAILED"
"ORDER_10479","POSITION_CHECK_FAILED"
"ORDER_10473","POSITION_CHECK_FAILED"
"ORDER_2660","POSITION_CHECK_FAILED"
"ORDER_3990","POSITION_CHECK_FAILED"
"ORDER_10475","INVALID_LOT_SIZE"
"ORDER_3984","POSITION_CHECK_FAILED"
"ORDER_3982","POSITION_CHECK_FAILED"
"ORDER_2650","INVALID_LOT_SIZE"
"ORDER_1325","INVALID_LOT_SIZE"
"ORDER_1323","POSITION_CHECK_FAILED"
"ORDER_10490","MISMATCHED_CURRENCY"
"ORDER_3505","POSITION_CHECK_FAILED"
"ORDER_3989","POSITION_CHECK_FAILED"
"ORDER_1328","POSITION_CHECK_FAILED"
"ORDER_9283","POSITION_CHECK_FAILED"
"ORDER_9280","MISMATCHED_CURRENCY"
"ORDER_9281","POSITION_CHECK_FAILED"
"ORDER_10488","POSITION_CHECK_FAILED"
"ORDER_3980","MISMATCHED_CURRENCY"
"ORDER_10485","POSITION_CHECK_FAILED"
"ORDER_1750","INVALID_LOT_SIZE"
"ORDER_2600","INVALID_LOT_SIZE"
"ORDER_3930","POSITION_CHECK_FAILED"
"ORDER_3937","POSITION_CHECK_FAILED"
"ORDER_2606","POSITION_CHECK_FAILED"
"ORDER_2605","POSITION_CHECK_FAILED"
"ORDER_1759","POSITION_CHECK_FAILED"
"ORDER_3935","POSITION_CHECK_FAILED"
"ORDER_534","POSITION_CHECK_FAILED"
"ORDER_535","MISMATCHED_CURRENCY"
"ORDER_536","POSITION_CHECK_FAILED"
"ORDER_9237","POSITION_CHECK_FAILED"
"ORDER_8385","MISMATCHED_CURRENCY"
"ORDER_1743","POSITION_CHECK_FAILED"
"ORDER_3921","POSITION_CHECK_FAILED"
"ORDER_3920","POSITION_CHECK_FAILED"
"ORDER_1741","POSITION_CHECK_FAILED"
"ORDER_9229","POSITION_CHECK_FAILED"
"ORDER_3926","POSITION_CHECK_FAILED"
"ORDER_3924","POSITION_CHECK_FAILED"
"ORDER_550","INVALID_LOT_SIZE"
"ORDER_3923","POSITION_CHECK_FAILED"
"ORDER_3928","POSITION_CHECK_FAILED"
"ORDER_3927","POSITION_CHECK_FAILED"
"ORDER_544","POSITION_CHECK_FAILED"
"ORDER_545","POSITION_CHECK_FAILED"
"ORDER_546","POSITION_CHECK_FAILED"
"ORDER_547","POSITION_CHECK_FAILED"
"ORDER_543","POSITION_CHECK_FAILED"
"ORDER_9224","POSITION_CHECK_FAILED"
"ORDER_9225","INVALID_LOT_SIZE"
"ORDER_6195","POSITION_CHECK_FAILED"
"ORDER_8374","POSITION_CHECK_FAILED"
"ORDER_549","POSITION_CHECK_FAILED"
"ORDER_8376","POSITION_CHECK_FAILED"
"ORDER_1770","MISMATCHED_CURRENCY"
"ORDER_1776","POSITION_CHECK_FAILED"
"ORDER_4801","POSITION_CHECK_FAILED"
"ORDER_3953","POSITION_CHECK_FAILED"
"ORDER_2621","POSITION_CHECK_FAILED"
"ORDER_1775","INVALID_LOT_SIZE"
"ORDER_4806","POSITION_CHECK_FAILED"
"ORDER_4805","MISMATCHED_CURRENCY"
"ORDER_3957","POSITION_CHECK_FAILED"
"ORDER_2626","POSITION_CHECK_FAILED"
"ORDER_4804","POSITION_CHECK_FAILED"
"ORDER_2625","INVALID_LOT_SIZE"
"ORDER_995","POSITION_CHECK_FAILED"
"ORDER_9251","POSITION_CHECK_FAILED"
"ORDER_996","POSITION_CHECK_FAILED"
"ORDER_9250","INVALID_LOT_SIZE"
"ORDER_1760","POSITION_CHECK_FAILED"
"ORDER_3944","POSITION_CHECK_FAILED"
"ORDER_2613","POSITION_CHECK_FAILED"
"ORDER_1765","POSITION_CHECK_FAILED"
"ORDER_3943","POSITION_CHECK_FAILED"
"ORDER_2612","POSITION_CHECK_FAILED"
"ORDER_2610","POSITION_CHECK_FAILED"
"ORDER_2617","POSITION_CHECK_FAILED"
"ORDER_2615","POSITION_CHECK_FAILED"
"ORDER_3945","MISMATCHED_CURRENCY"
"ORDER_1768","POSITION_CHECK_FAILED"
"ORDER_2619","POSITION_CHECK_FAILED"
"ORDER_9241","POSITION_CHECK_FAILED"
"ORDER_8394","POSITION_CHECK_FAILED"
"ORDER_9245","MISMATCHED_CURRENCY"
"ORDER_8349","POSITION_CHECK_FAILED"
"ORDER_1715","POSITION_CHECK_FAILED"
"ORDER_1713","POSITION_CHECK_FAILED"
"ORDER_7490","MISMATCHED_CURRENCY"
"ORDER_974","POSITION_CHECK_FAILED"
"ORDER_975","INVALID_LOT_SIZE"
"ORDER_976","POSITION_CHECK_FAILED"
"ORDER_970","MISMATCHED_CURRENCY"
"ORDER_8345","POSITION_CHECK_FAILED"
"ORDER_6167","POSITION_CHECK_FAILED"
"ORDER_9675","INVALID_LOT_SIZE"
"ORDER_6169","POSITION_CHECK_FAILED"
"ORDER_7494","POSITION_CHECK_FAILED"
"ORDER_7493","POSITION_CHECK_FAILED"
"ORDER_978","POSITION_CHECK_FAILED"
"ORDER_9674","POSITION_CHECK_FAILED"
"ORDER_7495","POSITION_CHECK_FAILED"
"ORDER_6165","POSITION_CHECK_FAILED"
"ORDER_1700","MISMATCHED_CURRENCY"
"ORDER_1704","POSITION_CHECK_FAILED"
"ORDER_990","POSITION_CHECK_FAILED"
"ORDER_1705","POSITION_CHECK_FAILED"
"ORDER_1706","POSITION_CHECK_FAILED"
"ORDER_984","POSITION_CHECK_FAILED"
"ORDER_985","POSITION_CHECK_FAILED"
"ORDER_6150","INVALID_LOT_SIZE"
"ORDER_982","POSITION_CHECK_FAILED"
"ORDER_9667","POSITION_CHECK_FAILED"
"ORDER_7489","POSITION_CHECK_FAILED"
"ORDER_7488","POSITION_CHECK_FAILED"
"ORDER_9665","MISMATCHED_CURRENCY"
"ORDER_988","POSITION_CHECK_FAILED"
"ORDER_989","POSITION_CHECK_FAILED"
"ORDER_7485","POSITION_CHECK_FAILED"
"ORDER_9660","POSITION_CHECK_FAILED"
"ORDER_8332","POSITION_CHECK_FAILED"
"ORDER_7484","POSITION_CHECK_FAILED"
"ORDER_8331","POSITION_CHECK_FAILED"
"ORDER_3911","POSITION_CHECK_FAILED"
"ORDER_3910","MISMATCHED_CURRENCY"
"ORDER_1737","POSITION_CHECK_FAILED"
"ORDER_1735","MISMATCHED_CURRENCY"
"ORDER_3919","POSITION_CHECK_FAILED"
"ORDER_3917","POSITION_CHECK_FAILED"
"ORDER_3916","POSITION_CHECK_FAILED"
"ORDER_952","POSITION_CHECK_FAILED"
"ORDER_9692","POSITION_CHECK_FAILED"
"ORDER_9690","POSITION_CHECK_FAILED"
"ORDER_950","INVALID_LOT_SIZE"
"ORDER_8369","POSITION_CHECK_FAILED"
"ORDER_9214","POSITION_CHECK_FAILED"
"ORDER_9695","POSITION_CHECK_FAILED"
"ORDER_957","POSITION_CHECK_FAILED"
"ORDER_9210","MISMATCHED_CURRENCY"
"ORDER_3900","POSITION_CHECK_FAILED"
"ORDER_1722","POSITION_CHECK_FAILED"
"ORDER_3904","POSITION_CHECK_FAILED"
"ORDER_1725","INVALID_LOT_SIZE"
"ORDER_1726","POSITION_CHECK_FAILED"
"ORDER_3902","POSITION_CHECK_FAILED"
"ORDER_3901","POSITION_CHECK_FAILED"
"ORDER_962","POSITION_CHECK_FAILED"
"ORDER_6170","POSITION_CHECK_FAILED"
"ORDER_8350","MISMATCHED_CURRENCY"
"ORDER_960","POSITION_CHECK_FAILED"
"ORDER_9689","POSITION_CHECK_FAILED"
"ORDER_8355","POSITION_CHECK_FAILED"
"ORDER_9200","INVALID_LOT_SIZE"
"ORDER_6174","POSITION_CHECK_FAILED"
"ORDER_6175","MISMATCHED_CURRENCY"
"ORDER_9682","POSITION_CHECK_FAILED"
"ORDER_6129","POSITION_CHECK_FAILED"
"ORDER_9636","POSITION_CHECK_FAILED"
"ORDER_143","POSITION_CHECK_FAILED"
"ORDER_139","POSITION_CHECK_FAILED"
"ORDER_135","MISMATCHED_CURRENCY"
"ORDER_5275","INVALID_LOT_SIZE"
"ORDER_6125","INVALID_LOT_SIZE"
"ORDER_8302","POSITION_CHECK_FAILED"
"ORDER_9630","MISMATCHED_CURRENCY"
"ORDER_5274","POSITION_CHECK_FAILED"
"ORDER_6115","POSITION_CHECK_FAILED"
"ORDER_9626","POSITION_CHECK_FAILED"
"ORDER_6117","POSITION_CHECK_FAILED"
"ORDER_9625","INVALID_LOT_SIZE"
"ORDER_151","POSITION_CHECK_FAILED"
"ORDER_150","INVALID_LOT_SIZE"
"ORDER_148","POSITION_CHECK_FAILED"
"ORDER_145","POSITION_CHECK_FAILED"
"ORDER_146","POSITION_CHECK_FAILED"
"ORDER_10824","POSITION_CHECK_FAILED"
"ORDER_10825","INVALID_LOT_SIZE"
"ORDER_6595","MISMATCHED_CURRENCY"
"ORDER_9622","POSITION_CHECK_FAILED"
"ORDER_8776","POSITION_CHECK_FAILED"
"ORDER_8770","MISMATCHED_CURRENCY"
"ORDER_6593","POSITION_CHECK_FAILED"
"ORDER_8771","POSITION_CHECK_FAILED"
"ORDER_9659","POSITION_CHECK_FAILED"
"ORDER_7479","POSITION_CHECK_FAILED"
"ORDER_599","POSITION_CHECK_FAILED"
"ORDER_595","POSITION_CHECK_FAILED"
"ORDER_597","POSITION_CHECK_FAILED"
"ORDER_598","POSITION_CHECK_FAILED"
"ORDER_6146","POSITION_CHECK_FAILED"
"ORDER_7472","POSITION_CHECK_FAILED"
"ORDER_6140","MISMATCHED_CURRENCY"
"ORDER_7474","POSITION_CHECK_FAILED"
"ORDER_7473","POSITION_CHECK_FAILED"
"ORDER_9650","INVALID_LOT_SIZE"
"ORDER_5296","POSITION_CHECK_FAILED"
"ORDER_7469","POSITION_CHECK_FAILED"
"ORDER_9648","POSITION_CHECK_FAILED"
"ORDER_7468","POSITION_CHECK_FAILED"
"ORDER_8315","MISMATCHED_CURRENCY"
"ORDER_132","POSITION_CHECK_FAILED"
"ORDER_5280","MISMATCHED_CURRENCY"
"ORDER_10846","POSITION_CHECK_FAILED"
"ORDER_7465","POSITION_CHECK_FAILED"
"ORDER_6133","POSITION_CHECK_FAILED"
"ORDER_8312","POSITION_CHECK_FAILED"
"ORDER_10840","MISMATCHED_CURRENCY"
"ORDER_9645","POSITION_CHECK_FAILED"
"ORDER_7467","POSITION_CHECK_FAILED"
"ORDER_7466","POSITION_CHECK_FAILED"
"ORDER_7461","POSITION_CHECK_FAILED"
"ORDER_9640","POSITION_CHECK_FAILED"
"ORDER_5282","POSITION_CHECK_FAILED"
"ORDER_5285","POSITION_CHECK_FAILED"
"ORDER_8793","POSITION_CHECK_FAILED"
"ORDER_7417","POSITION_CHECK_FAILED"
"ORDER_6568","POSITION_CHECK_FAILED"
"ORDER_8746","POSITION_CHECK_FAILED"
"ORDER_582","POSITION_CHECK_FAILED"
"ORDER_579","POSITION_CHECK_FAILED"
"ORDER_575","INVALID_LOT_SIZE"
"ORDER_7894","POSITION_CHECK_FAILED"
"ORDER_4382","POSITION_CHECK_FAILED"
"ORDER_7895","POSITION_CHECK_FAILED"
"ORDER_4387","POSITION_CHECK_FAILED"
"ORDER_6560","MISMATCHED_CURRENCY"
"ORDER_4385","MISMATCHED_CURRENCY"
"ORDER_7406","POSITION_CHECK_FAILED"
"ORDER_2199","POSITION_CHECK_FAILED"
"ORDER_8739","POSITION_CHECK_FAILED"
"ORDER_6555","POSITION_CHECK_FAILED"
"ORDER_5225","INVALID_LOT_SIZE"
"ORDER_8735","MISMATCHED_CURRENCY"
"ORDER_594","POSITION_CHECK_FAILED"
"ORDER_590","POSITION_CHECK_FAILED"
"ORDER_588","POSITION_CHECK_FAILED"
"ORDER_5220","POSITION_CHECK_FAILED"
"ORDER_8730","POSITION_CHECK_FAILED"
"ORDER_6552","POSITION_CHECK_FAILED"
"ORDER_4371","POSITION_CHECK_FAILED"
"ORDER_4376","POSITION_CHECK_FAILED"
"ORDER_4375","POSITION_CHECK_FAILED"
"ORDER_2195","POSITION_CHECK_FAILED"
"ORDER_6550","INVALID_LOT_SIZE"
"ORDER_4373","POSITION_CHECK_FAILED"
"ORDER_6588","POSITION_CHECK_FAILED"
"ORDER_6105","MISMATCHED_CURRENCY"
"ORDER_8766","POSITION_CHECK_FAILED"
"ORDER_8768","POSITION_CHECK_FAILED"
"ORDER_560","POSITION_CHECK_FAILED"
"ORDER_555","POSITION_CHECK_FAILED"
"ORDER_556","POSITION_CHECK_FAILED"
"ORDER_553","POSITION_CHECK_FAILED"
"ORDER_6100","INVALID_LOT_SIZE"
"ORDER_6585","POSITION_CHECK_FAILED"
"ORDER_5255","POSITION_CHECK_FAILED"
"ORDER_6103","POSITION_CHECK_FAILED"
"ORDER_559","POSITION_CHECK_FAILED"
"ORDER_5250","INVALID_LOT_SIZE"
"ORDER_5252","POSITION_CHECK_FAILED"
"ORDER_9607","POSITION_CHECK_FAILED"
"ORDER_9604","POSITION_CHECK_FAILED"
"ORDER_9605","POSITION_CHECK_FAILED"
"ORDER_9602","POSITION_CHECK_FAILED"
"ORDER_570","MISMATCHED_CURRENCY"
"ORDER_572","POSITION_CHECK_FAILED"
"ORDER_566","POSITION_CHECK_FAILED"
"ORDER_567","POSITION_CHECK_FAILED"
"ORDER_10805","MISMATCHED_CURRENCY"
"ORDER_10806","POSITION_CHECK_FAILED"
"ORDER_10807","POSITION_CHECK_FAILED"
"ORDER_10800","INVALID_LOT_SIZE"
"ORDER_4390","POSITION_CHECK_FAILED"
"ORDER_563","POSITION_CHECK_FAILED"
"ORDER_565","POSITION_CHECK_FAILED"
"ORDER_9600","INVALID_LOT_SIZE"
"ORDER_6575","INVALID_LOT_SIZE"
"ORDER_8754","POSITION_CHECK_FAILED"
"ORDER_5245","MISMATCHED_CURRENCY"
"ORDER_4391","POSITION_CHECK_FAILED"
"ORDER_4397","POSITION_CHECK_FAILED"
"ORDER_4105","MISMATCHED_CURRENCY"
"ORDER_3258","POSITION_CHECK_FAILED"
"ORDER_7615","POSITION_CHECK_FAILED"
"ORDER_8949","POSITION_CHECK_FAILED"
"ORDER_8948","POSITION_CHECK_FAILED"
"ORDER_4102","POSITION_CHECK_FAILED"
"ORDER_3255","POSITION_CHECK_FAILED"
"ORDER_8943","POSITION_CHECK_FAILED"
"ORDER_7612","POSITION_CHECK_FAILED"
"ORDER_8945","MISMATCHED_CURRENCY"
"ORDER_6766","POSITION_CHECK_FAILED"
"ORDER_7619","POSITION_CHECK_FAILED"
"ORDER_10537","POSITION_CHECK_FAILED"
"ORDER_1070","MISMATCHED_CURRENCY"
"ORDER_1075","INVALID_LOT_SIZE"
"ORDER_4101","POSITION_CHECK_FAILED"
"ORDER_4585","POSITION_CHECK_FAILED"
"ORDER_1076","POSITION_CHECK_FAILED"
"ORDER_4584","POSITION_CHECK_FAILED"
"ORDER_3251","POSITION_CHECK_FAILED"
"ORDER_1068","POSITION_CHECK_FAILED"
"ORDER_7605","POSITION_CHECK_FAILED"
"ORDER_3246","POSITION_CHECK_FAILED"
"ORDER_3245","MISMATCHED_CURRENCY"
"ORDER_1067","POSITION_CHECK_FAILED"
"ORDER_8931","POSITION_CHECK_FAILED"
"ORDER_7600","POSITION_CHECK_FAILED"
"ORDER_3248","POSITION_CHECK_FAILED"
"ORDER_7609","POSITION_CHECK_FAILED"
"ORDER_8939","POSITION_CHECK_FAILED"
"ORDER_1060","POSITION_CHECK_FAILED"
"ORDER_4570","POSITION_CHECK_FAILED"
"ORDER_2391","POSITION_CHECK_FAILED"
"ORDER_1061","POSITION_CHECK_FAILED"
"ORDER_6750","INVALID_LOT_SIZE"
"ORDER_8930","POSITION_CHECK_FAILED"
"ORDER_10540","POSITION_CHECK_FAILED"
"ORDER_4573","POSITION_CHECK_FAILED"
"ORDER_1063","POSITION_CHECK_FAILED"
"ORDER_4571","POSITION_CHECK_FAILED"
"ORDER_3240","POSITION_CHECK_FAILED"
"ORDER_2394","POSITION_CHECK_FAILED"
"ORDER_6307","POSITION_CHECK_FAILED"
"ORDER_4125","POSITION_CHECK_FAILED"
"ORDER_3278","POSITION_CHECK_FAILED"
"ORDER_10560","MISMATCHED_CURRENCY"
"ORDER_3277","POSITION_CHECK_FAILED"
"ORDER_4129","POSITION_CHECK_FAILED"
"ORDER_9819","POSITION_CHECK_FAILED"
"ORDER_1090","POSITION_CHECK_FAILED"
"ORDER_10559","POSITION_CHECK_FAILED"
"ORDER_8961","POSITION_CHECK_FAILED"
"ORDER_7630","MISMATCHED_CURRENCY"
"ORDER_6782","POSITION_CHECK_FAILED"
"ORDER_1094","POSITION_CHECK_FAILED"
"ORDER_10555","POSITION_CHECK_FAILED"
"ORDER_9810","POSITION_CHECK_FAILED"
"ORDER_6300","INVALID_LOT_SIZE"
"ORDER_8962","POSITION_CHECK_FAILED"
"ORDER_10550","INVALID_LOT_SIZE"
"ORDER_4123","POSITION_CHECK_FAILED"
"ORDER_3276","POSITION_CHECK_FAILED"
"ORDER_10551","POSITION_CHECK_FAILED"
"ORDER_4120","POSITION_CHECK_FAILED"
"ORDER_3268","POSITION_CHECK_FAILED"
"ORDER_10570","POSITION_CHECK_FAILED"
"ORDER_8959","POSITION_CHECK_FAILED"
"ORDER_9805","MISMATCHED_CURRENCY"
"ORDER_8954","POSITION_CHECK_FAILED"
"ORDER_6775","INVALID_LOT_SIZE"
"ORDER_6776","POSITION_CHECK_FAILED"
"ORDER_9803","POSITION_CHECK_FAILED"
"ORDER_8956","POSITION_CHECK_FAILED"
"ORDER_9800","INVALID_LOT_SIZE"
"ORDER_8955","POSITION_CHECK_FAILED"
"ORDER_9801","POSITION_CHECK_FAILED"
"ORDER_9808","POSITION_CHECK_FAILED"
"ORDER_8950","POSITION_CHECK_FAILED"
"ORDER_3261","POSITION_CHECK_FAILED"
"ORDER_10566","POSITION_CHECK_FAILED"
"ORDER_1080","POSITION_CHECK_FAILED"
"ORDER_10562","POSITION_CHECK_FAILED"
"ORDER_4595","MISMATCHED_CURRENCY"
"ORDER_4110","POSITION_CHECK_FAILED"
"ORDER_6770","MISMATCHED_CURRENCY"
"ORDER_1035","MISMATCHED_CURRENCY"
"ORDER_8903","POSITION_CHECK_FAILED"
"ORDER_4544","POSITION_CHECK_FAILED"
"ORDER_6725","INVALID_LOT_SIZE"
"ORDER_4543","POSITION_CHECK_FAILED"
"ORDER_3696","POSITION_CHECK_FAILED"
"ORDER_1039","POSITION_CHECK_FAILED"
"ORDER_6720","POSITION_CHECK_FAILED"
"ORDER_8901","POSITION_CHECK_FAILED"
"ORDER_8900","POSITION_CHECK_FAILED"
"ORDER_8907","POSITION_CHECK_FAILED"
"ORDER_6728","POSITION_CHECK_FAILED"
"ORDER_6729","POSITION_CHECK_FAILED"
"ORDER_8909","POSITION_CHECK_FAILED"
"ORDER_10977","POSITION_CHECK_FAILED"
"ORDER_3690","POSITION_CHECK_FAILED"
"ORDER_10975","INVALID_LOT_SIZE"
"ORDER_3210","MISMATCHED_CURRENCY"
"ORDER_2362","POSITION_CHECK_FAILED"
"ORDER_4540","POSITION_CHECK_FAILED"
"ORDER_2360","POSITION_CHECK_FAILED"
"ORDER_3691","POSITION_CHECK_FAILED"
"ORDER_4531","POSITION_CHECK_FAILED"
"ORDER_3684","POSITION_CHECK_FAILED"
"ORDER_2359","POSITION_CHECK_FAILED"
"ORDER_4536","POSITION_CHECK_FAILED"
"ORDER_4535","POSITION_CHECK_FAILED"
"ORDER_6712","POSITION_CHECK_FAILED"
"ORDER_2358","POSITION_CHECK_FAILED"
"ORDER_10509","POSITION_CHECK_FAILED"
"ORDER_10500","INVALID_LOT_SIZE"
"ORDER_10984","POSITION_CHECK_FAILED"
"ORDER_10986","POSITION_CHECK_FAILED"
"ORDER_2351","POSITION_CHECK_FAILED"
"ORDER_10980","MISMATCHED_CURRENCY"
"ORDER_2352","POSITION_CHECK_FAILED"
"ORDER_2350","MISMATCHED_CURRENCY"
"ORDER_1057","POSITION_CHECK_FAILED"
"ORDER_4567","POSITION_CHECK_FAILED"
"ORDER_5415","POSITION_CHECK_FAILED"
"ORDER_8924","POSITION_CHECK_FAILED"
"ORDER_6747","POSITION_CHECK_FAILED"
"ORDER_1055","POSITION_CHECK_FAILED"
"ORDER_4565","POSITION_CHECK_FAILED"
"ORDER_1056","POSITION_CHECK_FAILED"
"ORDER_5896","POSITION_CHECK_FAILED"
"ORDER_5897","POSITION_CHECK_FAILED"
"ORDER_4568","POSITION_CHECK_FAILED"
"ORDER_5892","POSITION_CHECK_FAILED"
"ORDER_1050","INVALID_LOT_SIZE"
"ORDER_10996","POSITION_CHECK_FAILED"
"ORDER_2385","MISMATCHED_CURRENCY"
"ORDER_1051","POSITION_CHECK_FAILED"
"ORDER_4560","MISMATCHED_CURRENCY"
"ORDER_8914","POSITION_CHECK_FAILED"
"ORDER_4556","POSITION_CHECK_FAILED"
"ORDER_6735","MISMATCHED_CURRENCY"
"ORDER_1047","POSITION_CHECK_FAILED"
"ORDER_8913","POSITION_CHECK_FAILED"
"ORDER_4555","POSITION_CHECK_FAILED"
"ORDER_6736","POSITION_CHECK_FAILED"
"ORDER_5405","POSITION_CHECK_FAILED"
"ORDER_1044","POSITION_CHECK_FAILED"
"ORDER_3223","POSITION_CHECK_FAILED"
"ORDER_6737","POSITION_CHECK_FAILED"
"ORDER_2375","INVALID_LOT_SIZE"
"ORDER_1045","POSITION_CHECK_FAILED"
"ORDER_8915","POSITION_CHECK_FAILED"
"ORDER_4553","POSITION_CHECK_FAILED"
"ORDER_8910","MISMATCHED_CURRENCY"
"ORDER_5400","INVALID_LOT_SIZE"
"ORDER_8912","POSITION_CHECK_FAILED"
"ORDER_4558","POSITION_CHECK_FAILED"
"ORDER_5403","POSITION_CHECK_FAILED"
"ORDER_8917","POSITION_CHECK_FAILED"
"ORDER_10525","MISMATCHED_CURRENCY"
"ORDER_10528","POSITION_CHECK_FAILED"
"ORDER_4551","POSITION_CHECK_FAILED"
"ORDER_4550","POSITION_CHECK_FAILED"
"ORDER_1475","INVALID_LOT_SIZE"
"ORDER_4985","POSITION_CHECK_FAILED"
"ORDER_1476","POSITION_CHECK_FAILED"
"ORDER_4500","POSITION_CHECK_FAILED"
"ORDER_10140","MISMATCHED_CURRENCY"
"ORDER_1474","POSITION_CHECK_FAILED"
"ORDER_4982","POSITION_CHECK_FAILED"
"ORDER_10142","POSITION_CHECK_FAILED"
"ORDER_2327","POSITION_CHECK_FAILED"
"ORDER_4987","POSITION_CHECK_FAILED"
"ORDER_2324","POSITION_CHECK_FAILED"
"ORDER_3655","POSITION_CHECK_FAILED"
"ORDER_2325","INVALID_LOT_SIZE"
"ORDER_3659","POSITION_CHECK_FAILED"
"ORDER_2329","POSITION_CHECK_FAILED"
"ORDER_5837","POSITION_CHECK_FAILED"
"ORDER_5838","POSITION_CHECK_FAILED"
"ORDER_5839","POSITION_CHECK_FAILED"
"ORDER_933","POSITION_CHECK_FAILED"
"ORDER_4981","POSITION_CHECK_FAILED"
"ORDER_3650","POSITION_CHECK_FAILED"
"ORDER_4980","MISMATCHED_CURRENCY"
"ORDER_935","MISMATCHED_CURRENCY"
"ORDER_10135","POSITION_CHECK_FAILED"
"ORDER_1464","POSITION_CHECK_FAILED"
"ORDER_10150","INVALID_LOT_SIZE"
"ORDER_1465","POSITION_CHECK_FAILED"
"ORDER_2795","POSITION_CHECK_FAILED"
"ORDER_1462","POSITION_CHECK_FAILED"
"ORDER_4972","POSITION_CHECK_FAILED"
"ORDER_2794","POSITION_CHECK_FAILED"
"ORDER_5825","INVALID_LOT_SIZE"
"ORDER_4978","POSITION_CHECK_FAILED"
"ORDER_2315","MISMATCHED_CURRENCY"
"ORDER_1469","POSITION_CHECK_FAILED"
"ORDER_3646","POSITION_CHECK_FAILED"
"ORDER_3645","POSITION_CHECK_FAILED"
"ORDER_2313","POSITION_CHECK_FAILED"
"ORDER_4975","POSITION_CHECK_FAILED"
"ORDER_2314","POSITION_CHECK_FAILED"
"ORDER_5821","POSITION_CHECK_FAILED"
"ORDER_5828","POSITION_CHECK_FAILED"
"ORDER_5829","POSITION_CHECK_FAILED"
"ORDER_948","POSITION_CHECK_FAILED"
"ORDER_2792","POSITION_CHECK_FAILED"
"ORDER_1461","POSITION_CHECK_FAILED"
"ORDER_945","POSITION_CHECK_FAILED"
"ORDER_2791","POSITION_CHECK_FAILED"
"ORDER_4523","POSITION_CHECK_FAILED"
"ORDER_1498","POSITION_CHECK_FAILED"
"ORDER_4522","POSITION_CHECK_FAILED"
"ORDER_3675","POSITION_CHECK_FAILED"
"ORDER_2345","POSITION_CHECK_FAILED"
"ORDER_1495","POSITION_CHECK_FAILED"
"ORDER_2343","POSITION_CHECK_FAILED"
"ORDER_2348","POSITION_CHECK_FAILED"
"ORDER_4525","MISMATCHED_CURRENCY"
"ORDER_6700","MISMATCHED_CURRENCY"
"ORDER_2346","POSITION_CHECK_FAILED"
"ORDER_6709","POSITION_CHECK_FAILED"
"ORDER_1490","MISMATCHED_CURRENCY"
"ORDER_10159","POSITION_CHECK_FAILED"
"ORDER_1493","POSITION_CHECK_FAILED"
"ORDER_1494","POSITION_CHECK_FAILED"
"ORDER_3665","MISMATCHED_CURRENCY"
"ORDER_10173","POSITION_CHECK_FAILED"
"ORDER_1484","POSITION_CHECK_FAILED"
"ORDER_4510","POSITION_CHECK_FAILED"
"ORDER_10174","POSITION_CHECK_FAILED"
"ORDER_3663","POSITION_CHECK_FAILED"
"ORDER_10175","MISMATCHED_CURRENCY"
"ORDER_5840","MISMATCHED_CURRENCY"
"ORDER_2338","POSITION_CHECK_FAILED"
"ORDER_3667","POSITION_CHECK_FAILED"
"ORDER_4519","POSITION_CHECK_FAILED"
"ORDER_10169","POSITION_CHECK_FAILED"
"ORDER_4992","POSITION_CHECK_FAILED"
"ORDER_10165","POSITION_CHECK_FAILED"
"ORDER_3660","POSITION_CHECK_FAILED"
"ORDER_1480","POSITION_CHECK_FAILED"
"ORDER_4990","POSITION_CHECK_FAILED"
"ORDER_10167","POSITION_CHECK_FAILED"
"ORDER_2760","POSITION_CHECK_FAILED"
"ORDER_4945","MISMATCHED_CURRENCY"
"ORDER_2766","POSITION_CHECK_FAILED"
"ORDER_2765","POSITION_CHECK_FAILED"
"ORDER_2764","POSITION_CHECK_FAILED"
"ORDER_3617","POSITION_CHECK_FAILED"
"ORDER_2769","POSITION_CHECK_FAILED"
"ORDER_4946","POSITION_CHECK_FAILED"
"ORDER_3619","POSITION_CHECK_FAILED"
"ORDER_9390","POSITION_CHECK_FAILED"
"ORDER_10577","POSITION_CHECK_FAILED"
"ORDER_9398","POSITION_CHECK_FAILED"
"ORDER_10575","INVALID_LOT_SIZE"
"ORDER_4930","POSITION_CHECK_FAILED"
"ORDER_10590","POSITION_CHECK_FAILED"
"ORDER_10591","POSITION_CHECK_FAILED"
"ORDER_2750","INVALID_LOT_SIZE"
"ORDER_9381","POSITION_CHECK_FAILED"
"ORDER_10588","POSITION_CHECK_FAILED"
"ORDER_10105","MISMATCHED_CURRENCY"
"ORDER_10589","POSITION_CHECK_FAILED"
"ORDER_10100","INVALID_LOT_SIZE"
"ORDER_9385","MISMATCHED_CURRENCY"
"ORDER_2300","INVALID_LOT_SIZE"
"ORDER_4961","POSITION_CHECK_FAILED"
"ORDER_3630","MISMATCHED_CURRENCY"
"ORDER_5813","POSITION_CHECK_FAILED"
"ORDER_4960","POSITION_CHECK_FAILED"
"ORDER_10120","POSITION_CHECK_FAILED"
"ORDER_4966","POSITION_CHECK_FAILED"
"ORDER_2305","POSITION_CHECK_FAILED"
"ORDER_2302","POSITION_CHECK_FAILED"
"ORDER_2787","POSITION_CHECK_FAILED"
"ORDER_4968","POSITION_CHECK_FAILED"
"ORDER_3637","POSITION_CHECK_FAILED"
"ORDER_2307","POSITION_CHECK_FAILED"
"ORDER_10114","POSITION_CHECK_FAILED"
"ORDER_10595","MISMATCHED_CURRENCY"
"ORDER_2780","POSITION_CHECK_FAILED"
"ORDER_5800","INVALID_LOT_SIZE"
"ORDER_5802","POSITION_CHECK_FAILED"
"ORDER_10131","POSITION_CHECK_FAILED"
"ORDER_5803","POSITION_CHECK_FAILED"
"ORDER_4955","POSITION_CHECK_FAILED"
"ORDER_2776","POSITION_CHECK_FAILED"
"ORDER_2775","INVALID_LOT_SIZE"
"ORDER_5805","MISMATCHED_CURRENCY"
"ORDER_10129","POSITION_CHECK_FAILED"
"ORDER_10125","INVALID_LOT_SIZE"
"ORDER_2770","MISMATCHED_CURRENCY"
"ORDER_10123","POSITION_CHECK_FAILED"
"ORDER_4901","POSITION_CHECK_FAILED"
"ORDER_4900","POSITION_CHECK_FAILED"
"ORDER_2722","POSITION_CHECK_FAILED"
"ORDER_2720","POSITION_CHECK_FAILED"
"ORDER_4905","POSITION_CHECK_FAILED"
"ORDER_4904","POSITION_CHECK_FAILED"
"ORDER_4903","POSITION_CHECK_FAILED"
"ORDER_2725","INVALID_LOT_SIZE"
"ORDER_4908","POSITION_CHECK_FAILED"
"ORDER_4907","POSITION_CHECK_FAILED"
"ORDER_4906","POSITION_CHECK_FAILED"
"ORDER_9350","MISMATCHED_CURRENCY"
"ORDER_897","POSITION_CHECK_FAILED"
"ORDER_7175","MISMATCHED_CURRENCY"
"ORDER_7174","POSITION_CHECK_FAILED"
"ORDER_2711","POSITION_CHECK_FAILED"
"ORDER_2714","POSITION_CHECK_FAILED"
"ORDER_2719","POSITION_CHECK_FAILED"
"ORDER_2718","POSITION_CHECK_FAILED"
"ORDER_7160","POSITION_CHECK_FAILED"
"ORDER_8490","MISMATCHED_CURRENCY"
"ORDER_8493","POSITION_CHECK_FAILED"
"ORDER_7162","POSITION_CHECK_FAILED"
"ORDER_8494","POSITION_CHECK_FAILED"
"ORDER_7163","POSITION_CHECK_FAILED"
"ORDER_1894","POSITION_CHECK_FAILED"
"ORDER_1891","POSITION_CHECK_FAILED"
"ORDER_1892","POSITION_CHECK_FAILED"
"ORDER_2745","POSITION_CHECK_FAILED"
"ORDER_1898","POSITION_CHECK_FAILED"
"ORDER_1414","POSITION_CHECK_FAILED"
"ORDER_2743","POSITION_CHECK_FAILED"
"ORDER_1896","POSITION_CHECK_FAILED"
"ORDER_2749","POSITION_CHECK_FAILED"
"ORDER_1899","POSITION_CHECK_FAILED"
"ORDER_875","POSITION_CHECK_FAILED"
"ORDER_7195","POSITION_CHECK_FAILED"
"ORDER_870","MISMATCHED_CURRENCY"
"ORDER_7191","POSITION_CHECK_FAILED"
"ORDER_7197","POSITION_CHECK_FAILED"
"ORDER_9376","POSITION_CHECK_FAILED"
"ORDER_7199","POSITION_CHECK_FAILED"
"ORDER_7198","POSITION_CHECK_FAILED"
"ORDER_9375","INVALID_LOT_SIZE"
"ORDER_4911","POSITION_CHECK_FAILED"
"ORDER_4910","MISMATCHED_CURRENCY"
"ORDER_1400","INVALID_LOT_SIZE"
"ORDER_1401","POSITION_CHECK_FAILED"
"ORDER_4916","POSITION_CHECK_FAILED"
"ORDER_2737","POSITION_CHECK_FAILED"
"ORDER_890","POSITION_CHECK_FAILED"
"ORDER_2735","MISMATCHED_CURRENCY"
"ORDER_7184","POSITION_CHECK_FAILED"
"ORDER_888","POSITION_CHECK_FAILED"
"ORDER_9360","POSITION_CHECK_FAILED"
"ORDER_882","POSITION_CHECK_FAILED"
"ORDER_7180","POSITION_CHECK_FAILED"
"ORDER_9367","POSITION_CHECK_FAILED"
"ORDER_889","POSITION_CHECK_FAILED"
"ORDER_8469","POSITION_CHECK_FAILED"
"ORDER_1836","POSITION_CHECK_FAILED"
"ORDER_1834","POSITION_CHECK_FAILED"
"ORDER_852","POSITION_CHECK_FAILED"
"ORDER_6280","MISMATCHED_CURRENCY"
"ORDER_855","POSITION_CHECK_FAILED"
"ORDER_7135","POSITION_CHECK_FAILED"
"ORDER_9314","POSITION_CHECK_FAILED"
"ORDER_9798","POSITION_CHECK_FAILED"
"ORDER_8465","POSITION_CHECK_FAILED"
"ORDER_9315","MISMATCHED_CURRENCY"
"ORDER_8462","POSITION_CHECK_FAILED"
"ORDER_857","POSITION_CHECK_FAILED"
"ORDER_9311","POSITION_CHECK_FAILED"
"ORDER_9795","POSITION_CHECK_FAILED"
"ORDER_9793","POSITION_CHECK_FAILED"
"ORDER_9308","POSITION_CHECK_FAILED"
"ORDER_1825","INVALID_LOT_SIZE"
"ORDER_9780","POSITION_CHECK_FAILED"
"ORDER_6270","POSITION_CHECK_FAILED"
"ORDER_866","POSITION_CHECK_FAILED"
"ORDER_6271","POSITION_CHECK_FAILED"
"ORDER_860","POSITION_CHECK_FAILED"
"ORDER_861","POSITION_CHECK_FAILED"
"ORDER_862","POSITION_CHECK_FAILED"
"ORDER_7120","POSITION_CHECK_FAILED"
"ORDER_868","POSITION_CHECK_FAILED"
"ORDER_9300","INVALID_LOT_SIZE"
"ORDER_6275","INVALID_LOT_SIZE"
"ORDER_9782","POSITION_CHECK_FAILED"
"ORDER_2700","MISMATCHED_CURRENCY"
"ORDER_9338","POSITION_CHECK_FAILED"
"ORDER_2703","POSITION_CHECK_FAILED"
"ORDER_2702","POSITION_CHECK_FAILED"
"ORDER_8480","POSITION_CHECK_FAILED"
"ORDER_8481","POSITION_CHECK_FAILED"
"ORDER_7150","POSITION_CHECK_FAILED"
"ORDER_838","POSITION_CHECK_FAILED"
"ORDER_8487","POSITION_CHECK_FAILED"
"ORDER_7156","POSITION_CHECK_FAILED"
"ORDER_7159","POSITION_CHECK_FAILED"
"ORDER_9334","POSITION_CHECK_FAILED"
"ORDER_7158","POSITION_CHECK_FAILED"
"ORDER_834","POSITION_CHECK_FAILED"
"ORDER_835","MISMATCHED_CURRENCY"
"ORDER_8483","POSITION_CHECK_FAILED"
"ORDER_837","POSITION_CHECK_FAILED"
"ORDER_8485","POSITION_CHECK_FAILED"
"ORDER_7149","POSITION_CHECK_FAILED"
"ORDER_1840","MISMATCHED_CURRENCY"
"ORDER_6290","POSITION_CHECK_FAILED"
"ORDER_7140","MISMATCHED_CURRENCY"
"ORDER_849","POSITION_CHECK_FAILED"
"ORDER_9325","INVALID_LOT_SIZE"
"ORDER_8476","POSITION_CHECK_FAILED"
"ORDER_8479","POSITION_CHECK_FAILED"
"ORDER_9324","POSITION_CHECK_FAILED"
"ORDER_845","POSITION_CHECK_FAILED"
"ORDER_7142","POSITION_CHECK_FAILED"
"ORDER_6294","POSITION_CHECK_FAILED"
"ORDER_9321","POSITION_CHECK_FAILED"
"ORDER_8472","POSITION_CHECK_FAILED"
"ORDER_8474","POSITION_CHECK_FAILED"
"ORDER_9759","POSITION_CHECK_FAILED"
"ORDER_9757","POSITION_CHECK_FAILED"
"ORDER_5390","POSITION_CHECK_FAILED"
"ORDER_10933","POSITION_CHECK_FAILED"
"ORDER_10934","POSITION_CHECK_FAILED"
"ORDER_10935","POSITION_CHECK_FAILED"
"ORDER_6244","POSITION_CHECK_FAILED"
"ORDER_10930","POSITION_CHECK_FAILED"
"ORDER_7577","POSITION_CHECK_FAILED"
"ORDER_6245","MISMATCHED_CURRENCY"
"ORDER_10931","POSITION_CHECK_FAILED"
"ORDER_9750","INVALID_LOT_SIZE"
"ORDER_7570","POSITION_CHECK_FAILED"
"ORDER_6240","POSITION_CHECK_FAILED"
"ORDER_9749","POSITION_CHECK_FAILED"
"ORDER_5389","POSITION_CHECK_FAILED"
"ORDER_10945","MISMATCHED_CURRENCY"
"ORDER_9743","POSITION_CHECK_FAILED"
"ORDER_5385","MISMATCHED_CURRENCY"
"ORDER_7563","POSITION_CHECK_FAILED"
"ORDER_9744","POSITION_CHECK_FAILED"
"ORDER_8897","POSITION_CHECK_FAILED"
"ORDER_10941","POSITION_CHECK_FAILED"
"ORDER_7566","POSITION_CHECK_FAILED"
"ORDER_8896","POSITION_CHECK_FAILED"
"ORDER_10942","POSITION_CHECK_FAILED"
"ORDER_7565","POSITION_CHECK_FAILED"
"ORDER_8891","POSITION_CHECK_FAILED"
"ORDER_7560","MISMATCHED_CURRENCY"
"ORDER_5381","POSITION_CHECK_FAILED"
"ORDER_8893","POSITION_CHECK_FAILED"
"ORDER_7117","POSITION_CHECK_FAILED"
"ORDER_1810","POSITION_CHECK_FAILED"
"ORDER_7118","POSITION_CHECK_FAILED"
"ORDER_1814","POSITION_CHECK_FAILED"
"ORDER_10959","POSITION_CHECK_FAILED"
"ORDER_10956","POSITION_CHECK_FAILED"
"ORDER_10950","INVALID_LOT_SIZE"
"ORDER_7598","POSITION_CHECK_FAILED"
"ORDER_9775","INVALID_LOT_SIZE"
"ORDER_7595","MISMATCHED_CURRENCY"
"ORDER_9770","MISMATCHED_CURRENCY"
"ORDER_7105","MISMATCHED_CURRENCY"
"ORDER_7108","POSITION_CHECK_FAILED"
"ORDER_1800","INVALID_LOT_SIZE"
"ORDER_1805","MISMATCHED_CURRENCY"
"ORDER_6254","POSITION_CHECK_FAILED"
"ORDER_9765","POSITION_CHECK_FAILED"
"ORDER_6255","POSITION_CHECK_FAILED"
"ORDER_10963","POSITION_CHECK_FAILED"
"ORDER_7104","POSITION_CHECK_FAILED"
"ORDER_7103","POSITION_CHECK_FAILED"
"ORDER_10964","POSITION_CHECK_FAILED"
"ORDER_6250","INVALID_LOT_SIZE"
"ORDER_10960","POSITION_CHECK_FAILED"
"ORDER_7583","POSITION_CHECK_FAILED"
"ORDER_5356","POSITION_CHECK_FAILED"
"ORDER_6204","POSITION_CHECK_FAILED"
"ORDER_5357","POSITION_CHECK_FAILED"
"ORDER_460","POSITION_CHECK_FAILED"
"ORDER_459","POSITION_CHECK_FAILED"
"ORDER_6200","INVALID_LOT_SIZE"
"ORDER_7533","POSITION_CHECK_FAILED"
"ORDER_3170","POSITION_CHECK_FAILED"
"ORDER_6680","POSITION_CHECK_FAILED"
"ORDER_3175","MISMATCHED_CURRENCY"
"ORDER_5350","MISMATCHED_CURRENCY"
"ORDER_7528","POSITION_CHECK_FAILED"
"ORDER_5349","POSITION_CHECK_FAILED"
"ORDER_9705","POSITION_CHECK_FAILED"
"ORDER_7529","POSITION_CHECK_FAILED"
"ORDER_3167","POSITION_CHECK_FAILED"
"ORDER_9706","POSITION_CHECK_FAILED"
"ORDER_5345","POSITION_CHECK_FAILED"
"ORDER_7526","POSITION_CHECK_FAILED"
"ORDER_5347","POSITION_CHECK_FAILED"
"ORDER_7525","MISMATCHED_CURRENCY"
"ORDER_470","MISMATCHED_CURRENCY"
"ORDER_10907","POSITION_CHECK_FAILED"
"ORDER_10909","POSITION_CHECK_FAILED"
"ORDER_10903","POSITION_CHECK_FAILED"
"ORDER_10904","POSITION_CHECK_FAILED"
"ORDER_469","POSITION_CHECK_FAILED"
"ORDER_10900","INVALID_LOT_SIZE"
"ORDER_3161","POSITION_CHECK_FAILED"
"ORDER_9700","MISMATCHED_CURRENCY"
"ORDER_3160","POSITION_CHECK_FAILED"
"ORDER_5343","POSITION_CHECK_FAILED"
"ORDER_4490","MISMATCHED_CURRENCY"
"ORDER_6675","INVALID_LOT_SIZE"
"ORDER_3166","POSITION_CHECK_FAILED"
"ORDER_4495","POSITION_CHECK_FAILED"
"ORDER_3164","POSITION_CHECK_FAILED"
"ORDER_6671","POSITION_CHECK_FAILED"
"ORDER_9738","POSITION_CHECK_FAILED"
"ORDER_9739","POSITION_CHECK_FAILED"
"ORDER_6225","INVALID_LOT_SIZE"
"ORDER_6226","POSITION_CHECK_FAILED"
"ORDER_9735","MISMATCHED_CURRENCY"
"ORDER_10914","POSITION_CHECK_FAILED"
"ORDER_435","MISMATCHED_CURRENCY"
"ORDER_10915","POSITION_CHECK_FAILED"
"ORDER_10916","POSITION_CHECK_FAILED"
"ORDER_437","POSITION_CHECK_FAILED"
"ORDER_10917","POSITION_CHECK_FAILED"
"ORDER_10910","MISMATCHED_CURRENCY"
"ORDER_431","POSITION_CHECK_FAILED"
"ORDER_10911","POSITION_CHECK_FAILED"
"ORDER_432","POSITION_CHECK_FAILED"
"ORDER_10912","POSITION_CHECK_FAILED"
"ORDER_433","POSITION_CHECK_FAILED"
"ORDER_10913","POSITION_CHECK_FAILED"
"ORDER_6222","POSITION_CHECK_FAILED"
"ORDER_5375","INVALID_LOT_SIZE"
"ORDER_5377","POSITION_CHECK_FAILED"
"ORDER_438","POSITION_CHECK_FAILED"
"ORDER_439","POSITION_CHECK_FAILED"
"ORDER_9725","INVALID_LOT_SIZE"
"ORDER_9726","POSITION_CHECK_FAILED"
"ORDER_7548","POSITION_CHECK_FAILED"
"ORDER_450","POSITION_CHECK_FAILED"
"ORDER_451","POSITION_CHECK_FAILED"
"ORDER_445","POSITION_CHECK_FAILED"
"ORDER_10925","INVALID_LOT_SIZE"
"ORDER_3180","POSITION_CHECK_FAILED"
"ORDER_10923","POSITION_CHECK_FAILED"
"ORDER_3184","POSITION_CHECK_FAILED"
"ORDER_6210","MISMATCHED_CURRENCY"
"ORDER_3183","POSITION_CHECK_FAILED"
"ORDER_6211","POSITION_CHECK_FAILED"
"ORDER_10920","POSITION_CHECK_FAILED"
"ORDER_9720","POSITION_CHECK_FAILED"
"ORDER_449","POSITION_CHECK_FAILED"
"ORDER_6690","POSITION_CHECK_FAILED"
"ORDER_5361","POSITION_CHECK_FAILED"
"ORDER_3185","POSITION_CHECK_FAILED"
